-- phpMyAdmin SQL Dump
-- version 3.5.1
-- http://www.phpmyadmin.net
--
-- Host: localhost
-- Generation Time: Jan 23, 2014 at 10:22 PM
-- Server version: 5.1.37
-- PHP Version: 5.3.0

SET SQL_MODE="NO_AUTO_VALUE_ON_ZERO";
SET time_zone = "+00:00";


/*!40101 SET @OLD_CHARACTER_SET_CLIENT=@@CHARACTER_SET_CLIENT */;
/*!40101 SET @OLD_CHARACTER_SET_RESULTS=@@CHARACTER_SET_RESULTS */;
/*!40101 SET @OLD_COLLATION_CONNECTION=@@COLLATION_CONNECTION */;
/*!40101 SET NAMES utf8 */;

--
-- Database: `elearning_cms`
--

-- --------------------------------------------------------

--
-- Table structure for table `academic_year`
--

DROP TABLE IF EXISTS `academic_year`;
CREATE TABLE IF NOT EXISTS `academic_year` (
  `academic_id` int(11) NOT NULL AUTO_INCREMENT,
  `academic_name` varchar(255) NOT NULL,
  PRIMARY KEY (`academic_id`)
) ENGINE=InnoDB  DEFAULT CHARSET=utf8 AUTO_INCREMENT=2 ;

--
-- Dumping data for table `academic_year`
--

INSERT INTO `academic_year` (`academic_id`, `academic_name`) VALUES
(1, 'Niên khóa 2012 -2013');

-- --------------------------------------------------------

--
-- Table structure for table `answer`
--

DROP TABLE IF EXISTS `answer`;
CREATE TABLE IF NOT EXISTS `answer` (
  `answer_id` int(11) NOT NULL AUTO_INCREMENT,
  `storage_answer_id` int(11) NOT NULL,
  `correct_answer` tinyint(4) NOT NULL,
  `topic_id` int(11) NOT NULL,
  `storage_question_id` int(11) DEFAULT NULL,
  `number` int(11) DEFAULT '0',
  PRIMARY KEY (`answer_id`),
  KEY `FK_answer_qid` (`topic_id`),
  KEY `FK_answer_sqid_sqid` (`storage_question_id`,`topic_id`),
  KEY `FK_answer` (`storage_answer_id`)
) ENGINE=InnoDB  DEFAULT CHARSET=utf8 AUTO_INCREMENT=1241 ;

--
-- Dumping data for table `answer`
--

INSERT INTO `answer` (`answer_id`, `storage_answer_id`, `correct_answer`, `topic_id`, `storage_question_id`, `number`) VALUES
(1, 135, 0, 1, 48, 1),
(2, 138, 1, 1, 48, 2),
(3, 136, 0, 1, 48, 3),
(4, 137, 0, 1, 48, 4),
(5, 98, 0, 1, 38, 1),
(6, 96, 0, 1, 38, 2),
(7, 95, 1, 1, 38, 3),
(8, 97, 0, 1, 38, 4),
(9, 167, 1, 1, 56, 1),
(10, 170, 0, 1, 56, 2),
(11, 169, 0, 1, 56, 3),
(12, 168, 0, 1, 56, 4),
(13, 123, 1, 1, 45, 1),
(14, 126, 0, 1, 45, 2),
(15, 124, 0, 1, 45, 3),
(16, 125, 0, 1, 45, 4),
(17, 172, 1, 1, 57, 1),
(18, 171, 0, 1, 57, 2),
(19, 174, 0, 1, 57, 3),
(20, 173, 0, 1, 57, 4),
(21, 125, 0, 2, 45, 1),
(22, 123, 1, 2, 45, 2),
(23, 126, 0, 2, 45, 3),
(24, 124, 0, 2, 45, 4),
(25, 173, 0, 2, 57, 1),
(26, 172, 1, 2, 57, 2),
(27, 174, 0, 2, 57, 3),
(28, 171, 0, 2, 57, 4),
(29, 136, 0, 2, 48, 1),
(30, 138, 1, 2, 48, 2),
(31, 135, 0, 2, 48, 3),
(32, 137, 0, 2, 48, 4),
(33, 170, 0, 2, 56, 1),
(34, 167, 1, 2, 56, 2),
(35, 168, 0, 2, 56, 3),
(36, 169, 0, 2, 56, 4),
(37, 98, 0, 2, 38, 1),
(38, 97, 0, 2, 38, 2),
(39, 95, 1, 2, 38, 3),
(40, 96, 0, 2, 38, 4),
(41, 139, 0, 3, 49, 1),
(42, 140, 0, 3, 49, 2),
(43, 141, 0, 3, 49, 3),
(44, 142, 1, 3, 49, 4),
(45, 174, 0, 3, 57, 1),
(46, 171, 0, 3, 57, 2),
(47, 172, 1, 3, 57, 3),
(48, 173, 0, 3, 57, 4),
(49, 111, 0, 3, 42, 1),
(50, 113, 0, 3, 42, 2),
(51, 112, 1, 3, 42, 3),
(52, 114, 0, 3, 42, 4),
(53, 147, 1, 3, 51, 1),
(54, 148, 0, 3, 51, 2),
(55, 150, 0, 3, 51, 3),
(56, 149, 0, 3, 51, 4),
(57, 196, 0, 3, 63, 1),
(58, 197, 1, 3, 63, 2),
(59, 198, 0, 3, 63, 3),
(60, 195, 0, 3, 63, 4),
(61, 237, 0, 3, 73, 1),
(62, 238, 0, 3, 73, 2),
(63, 236, 0, 3, 73, 3),
(64, 235, 1, 3, 73, 4),
(65, 230, 0, 3, 71, 1),
(66, 227, 1, 3, 71, 2),
(67, 228, 0, 3, 71, 3),
(68, 229, 0, 3, 71, 4),
(69, 110, 0, 3, 41, 1),
(70, 108, 0, 3, 41, 2),
(71, 107, 0, 3, 41, 3),
(72, 109, 1, 3, 41, 4),
(73, 93, 0, 3, 37, 1),
(74, 92, 0, 3, 37, 2),
(75, 91, 1, 3, 37, 3),
(76, 94, 0, 3, 37, 4),
(77, 176, 0, 3, 58, 1),
(78, 178, 0, 3, 58, 2),
(79, 175, 0, 3, 58, 3),
(80, 177, 1, 3, 58, 4),
(81, 213, 0, 3, 67, 1),
(82, 214, 0, 3, 67, 2),
(83, 211, 0, 3, 67, 3),
(84, 212, 1, 3, 67, 4),
(85, 216, 0, 3, 68, 1),
(86, 218, 0, 3, 68, 2),
(87, 217, 0, 3, 68, 3),
(88, 215, 1, 3, 68, 4),
(89, 106, 0, 3, 40, 1),
(90, 103, 0, 3, 40, 2),
(91, 104, 1, 3, 40, 3),
(92, 105, 0, 3, 40, 4),
(93, 99, 1, 3, 39, 1),
(94, 101, 0, 3, 39, 2),
(95, 100, 0, 3, 39, 3),
(96, 102, 0, 3, 39, 4),
(97, 165, 0, 3, 55, 1),
(98, 164, 0, 3, 55, 2),
(99, 163, 1, 3, 55, 3),
(100, 166, 0, 3, 55, 4),
(101, 146, 0, 3, 50, 1),
(102, 144, 1, 3, 50, 2),
(103, 143, 0, 3, 50, 3),
(104, 145, 0, 3, 50, 4),
(105, 180, 0, 3, 59, 1),
(106, 179, 0, 3, 59, 2),
(107, 182, 1, 3, 59, 3),
(108, 181, 0, 3, 59, 4),
(109, 233, 0, 3, 72, 1),
(110, 232, 0, 3, 72, 2),
(111, 234, 1, 3, 72, 3),
(112, 231, 0, 3, 72, 4),
(113, 153, 0, 3, 52, 1),
(114, 154, 1, 3, 52, 2),
(115, 151, 0, 3, 52, 3),
(116, 152, 0, 3, 52, 4),
(117, 96, 0, 3, 38, 1),
(118, 97, 0, 3, 38, 2),
(119, 98, 0, 3, 38, 3),
(120, 95, 1, 3, 38, 4),
(121, 135, 0, 3, 48, 1),
(122, 138, 1, 3, 48, 2),
(123, 136, 0, 3, 48, 3),
(124, 137, 0, 3, 48, 4),
(125, 207, 0, 3, 66, 1),
(126, 210, 0, 3, 66, 2),
(127, 209, 0, 3, 66, 3),
(128, 208, 1, 3, 66, 4),
(129, 159, 0, 3, 54, 1),
(130, 161, 0, 3, 54, 2),
(131, 160, 1, 3, 54, 3),
(132, 162, 0, 3, 54, 4),
(133, 170, 0, 3, 56, 1),
(134, 168, 0, 3, 56, 2),
(135, 169, 0, 3, 56, 3),
(136, 167, 1, 3, 56, 4),
(137, 203, 0, 3, 65, 1),
(138, 206, 1, 3, 65, 2),
(139, 205, 0, 3, 65, 3),
(140, 204, 0, 3, 65, 4),
(141, 117, 0, 3, 43, 1),
(142, 115, 0, 3, 43, 2),
(143, 118, 1, 3, 43, 3),
(144, 116, 0, 3, 43, 4),
(145, 225, 0, 3, 70, 1),
(146, 223, 0, 3, 70, 2),
(147, 224, 1, 3, 70, 3),
(148, 226, 0, 3, 70, 4),
(149, 123, 1, 3, 45, 1),
(150, 124, 0, 3, 45, 2),
(151, 125, 0, 3, 45, 3),
(152, 126, 0, 3, 45, 4),
(153, 192, 0, 3, 62, 1),
(154, 194, 0, 3, 62, 2),
(155, 193, 1, 3, 62, 3),
(156, 191, 0, 3, 62, 4),
(157, 187, 1, 3, 61, 1),
(158, 190, 0, 3, 61, 2),
(159, 188, 0, 3, 61, 3),
(160, 189, 0, 3, 61, 4),
(161, 190, 0, 4, 61, 1),
(162, 188, 0, 4, 61, 2),
(163, 187, 1, 4, 61, 3),
(164, 189, 0, 4, 61, 4),
(165, 206, 1, 4, 65, 1),
(166, 203, 0, 4, 65, 2),
(167, 205, 0, 4, 65, 3),
(168, 204, 0, 4, 65, 4),
(169, 95, 1, 4, 38, 1),
(170, 96, 0, 4, 38, 2),
(171, 97, 0, 4, 38, 3),
(172, 98, 0, 4, 38, 4),
(173, 231, 0, 4, 72, 1),
(174, 233, 0, 4, 72, 2),
(175, 234, 1, 4, 72, 3),
(176, 232, 0, 4, 72, 4),
(177, 215, 1, 4, 68, 1),
(178, 217, 0, 4, 68, 2),
(179, 216, 0, 4, 68, 3),
(180, 218, 0, 4, 68, 4),
(181, 207, 0, 4, 66, 1),
(182, 208, 1, 4, 66, 2),
(183, 210, 0, 4, 66, 3),
(184, 209, 0, 4, 66, 4),
(185, 110, 0, 4, 41, 1),
(186, 107, 0, 4, 41, 2),
(187, 108, 0, 4, 41, 3),
(188, 109, 1, 4, 41, 4),
(189, 223, 0, 4, 70, 1),
(190, 224, 1, 4, 70, 2),
(191, 225, 0, 4, 70, 3),
(192, 226, 0, 4, 70, 4),
(193, 175, 0, 4, 58, 1),
(194, 176, 0, 4, 58, 2),
(195, 177, 1, 4, 58, 3),
(196, 178, 0, 4, 58, 4),
(197, 214, 0, 4, 67, 1),
(198, 213, 0, 4, 67, 2),
(199, 212, 1, 4, 67, 3),
(200, 211, 0, 4, 67, 4),
(201, 196, 0, 4, 63, 1),
(202, 195, 0, 4, 63, 2),
(203, 198, 0, 4, 63, 3),
(204, 197, 1, 4, 63, 4),
(205, 168, 0, 4, 56, 1),
(206, 167, 1, 4, 56, 2),
(207, 169, 0, 4, 56, 3),
(208, 170, 0, 4, 56, 4),
(209, 143, 0, 4, 50, 1),
(210, 145, 0, 4, 50, 2),
(211, 144, 1, 4, 50, 3),
(212, 146, 0, 4, 50, 4),
(213, 123, 1, 4, 45, 1),
(214, 124, 0, 4, 45, 2),
(215, 126, 0, 4, 45, 3),
(216, 125, 0, 4, 45, 4),
(217, 94, 0, 4, 37, 1),
(218, 93, 0, 4, 37, 2),
(219, 91, 1, 4, 37, 3),
(220, 92, 0, 4, 37, 4),
(221, 149, 0, 4, 51, 1),
(222, 148, 0, 4, 51, 2),
(223, 150, 0, 4, 51, 3),
(224, 147, 1, 4, 51, 4),
(225, 142, 1, 4, 49, 1),
(226, 139, 0, 4, 49, 2),
(227, 140, 0, 4, 49, 3),
(228, 141, 0, 4, 49, 4),
(229, 236, 0, 4, 73, 1),
(230, 237, 0, 4, 73, 2),
(231, 235, 1, 4, 73, 3),
(232, 238, 0, 4, 73, 4),
(233, 114, 0, 4, 42, 1),
(234, 112, 1, 4, 42, 2),
(235, 111, 0, 4, 42, 3),
(236, 113, 0, 4, 42, 4),
(237, 194, 0, 4, 62, 1),
(238, 191, 0, 4, 62, 2),
(239, 193, 1, 4, 62, 3),
(240, 192, 0, 4, 62, 4),
(241, 115, 0, 4, 43, 1),
(242, 117, 0, 4, 43, 2),
(243, 118, 1, 4, 43, 3),
(244, 116, 0, 4, 43, 4),
(245, 182, 1, 4, 59, 1),
(246, 179, 0, 4, 59, 2),
(247, 181, 0, 4, 59, 3),
(248, 180, 0, 4, 59, 4),
(249, 162, 0, 4, 54, 1),
(250, 159, 0, 4, 54, 2),
(251, 161, 0, 4, 54, 3),
(252, 160, 1, 4, 54, 4),
(253, 163, 1, 4, 55, 1),
(254, 166, 0, 4, 55, 2),
(255, 164, 0, 4, 55, 3),
(256, 165, 0, 4, 55, 4),
(257, 153, 0, 4, 52, 1),
(258, 154, 1, 4, 52, 2),
(259, 151, 0, 4, 52, 3),
(260, 152, 0, 4, 52, 4),
(261, 135, 0, 4, 48, 1),
(262, 138, 1, 4, 48, 2),
(263, 136, 0, 4, 48, 3),
(264, 137, 0, 4, 48, 4),
(265, 101, 0, 4, 39, 1),
(266, 99, 1, 4, 39, 2),
(267, 102, 0, 4, 39, 3),
(268, 100, 0, 4, 39, 4),
(269, 172, 1, 4, 57, 1),
(270, 171, 0, 4, 57, 2),
(271, 173, 0, 4, 57, 3),
(272, 174, 0, 4, 57, 4),
(273, 105, 0, 4, 40, 1),
(274, 104, 1, 4, 40, 2),
(275, 103, 0, 4, 40, 3),
(276, 106, 0, 4, 40, 4),
(277, 229, 0, 4, 71, 1),
(278, 230, 0, 4, 71, 2),
(279, 227, 1, 4, 71, 3),
(280, 228, 0, 4, 71, 4),
(281, 159, 0, 5, 54, 1),
(282, 162, 0, 5, 54, 2),
(283, 160, 1, 5, 54, 3),
(284, 161, 0, 5, 54, 4),
(285, 232, 0, 5, 72, 1),
(286, 233, 0, 5, 72, 2),
(287, 234, 1, 5, 72, 3),
(288, 231, 0, 5, 72, 4),
(289, 209, 0, 5, 66, 1),
(290, 210, 0, 5, 66, 2),
(291, 208, 1, 5, 66, 3),
(292, 207, 0, 5, 66, 4),
(293, 91, 1, 5, 37, 1),
(294, 94, 0, 5, 37, 2),
(295, 93, 0, 5, 37, 3),
(296, 92, 0, 5, 37, 4),
(297, 136, 0, 5, 48, 1),
(298, 138, 1, 5, 48, 2),
(299, 137, 0, 5, 48, 3),
(300, 135, 0, 5, 48, 4),
(301, 152, 0, 5, 52, 1),
(302, 151, 0, 5, 52, 2),
(303, 153, 0, 5, 52, 3),
(304, 154, 1, 5, 52, 4),
(305, 196, 0, 5, 63, 1),
(306, 198, 0, 5, 63, 2),
(307, 195, 0, 5, 63, 3),
(308, 197, 1, 5, 63, 4),
(309, 107, 0, 5, 41, 1),
(310, 109, 1, 5, 41, 2),
(311, 108, 0, 5, 41, 3),
(312, 110, 0, 5, 41, 4),
(313, 218, 0, 5, 68, 1),
(314, 217, 0, 5, 68, 2),
(315, 215, 1, 5, 68, 3),
(316, 216, 0, 5, 68, 4),
(317, 182, 1, 5, 59, 1),
(318, 180, 0, 5, 59, 2),
(319, 179, 0, 5, 59, 3),
(320, 181, 0, 5, 59, 4),
(321, 143, 0, 5, 50, 1),
(322, 145, 0, 5, 50, 2),
(323, 144, 1, 5, 50, 3),
(324, 146, 0, 5, 50, 4),
(325, 104, 1, 5, 40, 1),
(326, 106, 0, 5, 40, 2),
(327, 103, 0, 5, 40, 3),
(328, 105, 0, 5, 40, 4),
(329, 189, 0, 5, 61, 1),
(330, 187, 1, 5, 61, 2),
(331, 188, 0, 5, 61, 3),
(332, 190, 0, 5, 61, 4),
(333, 204, 0, 5, 65, 1),
(334, 206, 1, 5, 65, 2),
(335, 203, 0, 5, 65, 3),
(336, 205, 0, 5, 65, 4),
(337, 227, 1, 5, 71, 1),
(338, 229, 0, 5, 71, 2),
(339, 228, 0, 5, 71, 3),
(340, 230, 0, 5, 71, 4),
(341, 141, 0, 5, 49, 1),
(342, 140, 0, 5, 49, 2),
(343, 142, 1, 5, 49, 3),
(344, 139, 0, 5, 49, 4),
(345, 97, 0, 5, 38, 1),
(346, 96, 0, 5, 38, 2),
(347, 98, 0, 5, 38, 3),
(348, 95, 1, 5, 38, 4),
(349, 235, 1, 5, 73, 1),
(350, 237, 0, 5, 73, 2),
(351, 238, 0, 5, 73, 3),
(352, 236, 0, 5, 73, 4),
(353, 170, 0, 5, 56, 1),
(354, 168, 0, 5, 56, 2),
(355, 167, 1, 5, 56, 3),
(356, 169, 0, 5, 56, 4),
(357, 174, 0, 5, 57, 1),
(358, 172, 1, 5, 57, 2),
(359, 171, 0, 5, 57, 3),
(360, 173, 0, 5, 57, 4),
(361, 124, 0, 5, 45, 1),
(362, 125, 0, 5, 45, 2),
(363, 126, 0, 5, 45, 3),
(364, 123, 1, 5, 45, 4),
(365, 213, 0, 5, 67, 1),
(366, 211, 0, 5, 67, 2),
(367, 212, 1, 5, 67, 3),
(368, 214, 0, 5, 67, 4),
(369, 148, 0, 5, 51, 1),
(370, 150, 0, 5, 51, 2),
(371, 149, 0, 5, 51, 3),
(372, 147, 1, 5, 51, 4),
(373, 193, 1, 5, 62, 1),
(374, 191, 0, 5, 62, 2),
(375, 192, 0, 5, 62, 3),
(376, 194, 0, 5, 62, 4),
(377, 113, 0, 5, 42, 1),
(378, 114, 0, 5, 42, 2),
(379, 111, 0, 5, 42, 3),
(380, 112, 1, 5, 42, 4),
(381, 99, 1, 5, 39, 1),
(382, 100, 0, 5, 39, 2),
(383, 102, 0, 5, 39, 3),
(384, 101, 0, 5, 39, 4),
(385, 166, 0, 5, 55, 1),
(386, 163, 1, 5, 55, 2),
(387, 164, 0, 5, 55, 3),
(388, 165, 0, 5, 55, 4),
(389, 116, 0, 5, 43, 1),
(390, 118, 1, 5, 43, 2),
(391, 117, 0, 5, 43, 3),
(392, 115, 0, 5, 43, 4),
(393, 223, 0, 5, 70, 1),
(394, 226, 0, 5, 70, 2),
(395, 225, 0, 5, 70, 3),
(396, 224, 1, 5, 70, 4),
(397, 177, 1, 5, 58, 1),
(398, 175, 0, 5, 58, 2),
(399, 176, 0, 5, 58, 3),
(400, 178, 0, 5, 58, 4),
(401, 151, 0, 6, 52, 1),
(402, 152, 0, 6, 52, 2),
(403, 153, 0, 6, 52, 3),
(404, 154, 1, 6, 52, 4),
(405, 101, 0, 6, 39, 1),
(406, 99, 1, 6, 39, 2),
(407, 100, 0, 6, 39, 3),
(408, 102, 0, 6, 39, 4),
(409, 169, 0, 6, 56, 1),
(410, 170, 0, 6, 56, 2),
(411, 167, 1, 6, 56, 3),
(412, 168, 0, 6, 56, 4),
(413, 195, 0, 6, 63, 1),
(414, 196, 0, 6, 63, 2),
(415, 198, 0, 6, 63, 3),
(416, 197, 1, 6, 63, 4),
(417, 149, 0, 6, 51, 1),
(418, 148, 0, 6, 51, 2),
(419, 147, 1, 6, 51, 3),
(420, 150, 0, 6, 51, 4),
(421, 166, 0, 6, 55, 1),
(422, 165, 0, 6, 55, 2),
(423, 163, 1, 6, 55, 3),
(424, 164, 0, 6, 55, 4),
(425, 109, 1, 6, 41, 1),
(426, 107, 0, 6, 41, 2),
(427, 108, 0, 6, 41, 3),
(428, 110, 0, 6, 41, 4),
(429, 217, 0, 6, 68, 1),
(430, 218, 0, 6, 68, 2),
(431, 216, 0, 6, 68, 3),
(432, 215, 1, 6, 68, 4),
(433, 137, 0, 6, 48, 1),
(434, 135, 0, 6, 48, 2),
(435, 136, 0, 6, 48, 3),
(436, 138, 1, 6, 48, 4),
(437, 232, 0, 6, 72, 1),
(438, 234, 1, 6, 72, 2),
(439, 233, 0, 6, 72, 3),
(440, 231, 0, 6, 72, 4),
(441, 124, 0, 6, 45, 1),
(442, 125, 0, 6, 45, 2),
(443, 126, 0, 6, 45, 3),
(444, 123, 1, 6, 45, 4),
(445, 214, 0, 6, 67, 1),
(446, 213, 0, 6, 67, 2),
(447, 212, 1, 6, 67, 3),
(448, 211, 0, 6, 67, 4),
(449, 140, 0, 6, 49, 1),
(450, 139, 0, 6, 49, 2),
(451, 142, 1, 6, 49, 3),
(452, 141, 0, 6, 49, 4),
(453, 144, 1, 6, 50, 1),
(454, 146, 0, 6, 50, 2),
(455, 143, 0, 6, 50, 3),
(456, 145, 0, 6, 50, 4),
(457, 205, 0, 6, 65, 1),
(458, 206, 1, 6, 65, 2),
(459, 203, 0, 6, 65, 3),
(460, 204, 0, 6, 65, 4),
(461, 178, 0, 6, 58, 1),
(462, 177, 1, 6, 58, 2),
(463, 175, 0, 6, 58, 3),
(464, 176, 0, 6, 58, 4),
(465, 160, 1, 6, 54, 1),
(466, 159, 0, 6, 54, 2),
(467, 161, 0, 6, 54, 3),
(468, 162, 0, 6, 54, 4),
(469, 181, 0, 6, 59, 1),
(470, 182, 1, 6, 59, 2),
(471, 180, 0, 6, 59, 3),
(472, 179, 0, 6, 59, 4),
(473, 105, 0, 6, 40, 1),
(474, 103, 0, 6, 40, 2),
(475, 106, 0, 6, 40, 3),
(476, 104, 1, 6, 40, 4),
(477, 95, 1, 6, 38, 1),
(478, 97, 0, 6, 38, 2),
(479, 98, 0, 6, 38, 3),
(480, 96, 0, 6, 38, 4),
(481, 228, 0, 6, 71, 1),
(482, 227, 1, 6, 71, 2),
(483, 230, 0, 6, 71, 3),
(484, 229, 0, 6, 71, 4),
(485, 172, 1, 6, 57, 1),
(486, 173, 0, 6, 57, 2),
(487, 171, 0, 6, 57, 3),
(488, 174, 0, 6, 57, 4),
(489, 226, 0, 6, 70, 1),
(490, 225, 0, 6, 70, 2),
(491, 223, 0, 6, 70, 3),
(492, 224, 1, 6, 70, 4),
(493, 209, 0, 6, 66, 1),
(494, 210, 0, 6, 66, 2),
(495, 207, 0, 6, 66, 3),
(496, 208, 1, 6, 66, 4),
(497, 237, 0, 6, 73, 1),
(498, 238, 0, 6, 73, 2),
(499, 236, 0, 6, 73, 3),
(500, 235, 1, 6, 73, 4),
(501, 192, 0, 6, 62, 1),
(502, 191, 0, 6, 62, 2),
(503, 194, 0, 6, 62, 3),
(504, 193, 1, 6, 62, 4),
(505, 190, 0, 6, 61, 1),
(506, 188, 0, 6, 61, 2),
(507, 189, 0, 6, 61, 3),
(508, 187, 1, 6, 61, 4),
(509, 111, 0, 6, 42, 1),
(510, 114, 0, 6, 42, 2),
(511, 113, 0, 6, 42, 3),
(512, 112, 1, 6, 42, 4),
(513, 118, 1, 6, 43, 1),
(514, 116, 0, 6, 43, 2),
(515, 117, 0, 6, 43, 3),
(516, 115, 0, 6, 43, 4),
(517, 94, 0, 6, 37, 1),
(518, 91, 1, 6, 37, 2),
(519, 92, 0, 6, 37, 3),
(520, 93, 0, 6, 37, 4),
(521, 167, 1, 7, 56, 1),
(522, 168, 0, 7, 56, 2),
(523, 170, 0, 7, 56, 3),
(524, 169, 0, 7, 56, 4),
(525, 225, 0, 7, 70, 1),
(526, 226, 0, 7, 70, 2),
(527, 224, 1, 7, 70, 3),
(528, 223, 0, 7, 70, 4),
(529, 175, 0, 7, 58, 1),
(530, 176, 0, 7, 58, 2),
(531, 178, 0, 7, 58, 3),
(532, 177, 1, 7, 58, 4),
(533, 154, 1, 7, 52, 1),
(534, 152, 0, 7, 52, 2),
(535, 151, 0, 7, 52, 3),
(536, 153, 0, 7, 52, 4),
(537, 230, 0, 7, 71, 1),
(538, 228, 0, 7, 71, 2),
(539, 227, 1, 7, 71, 3),
(540, 229, 0, 7, 71, 4),
(541, 145, 0, 7, 50, 1),
(542, 143, 0, 7, 50, 2),
(543, 146, 0, 7, 50, 3),
(544, 144, 1, 7, 50, 4),
(545, 116, 0, 7, 43, 1),
(546, 117, 0, 7, 43, 2),
(547, 115, 0, 7, 43, 3),
(548, 118, 1, 7, 43, 4),
(549, 188, 0, 7, 61, 1),
(550, 189, 0, 7, 61, 2),
(551, 187, 1, 7, 61, 3),
(552, 190, 0, 7, 61, 4),
(553, 172, 1, 7, 57, 1),
(554, 171, 0, 7, 57, 2),
(555, 174, 0, 7, 57, 3),
(556, 173, 0, 7, 57, 4),
(557, 206, 1, 7, 65, 1),
(558, 205, 0, 7, 65, 2),
(559, 203, 0, 7, 65, 3),
(560, 204, 0, 7, 65, 4),
(561, 92, 0, 7, 37, 1),
(562, 93, 0, 7, 37, 2),
(563, 94, 0, 7, 37, 3),
(564, 91, 1, 7, 37, 4),
(565, 141, 0, 7, 49, 1),
(566, 139, 0, 7, 49, 2),
(567, 140, 0, 7, 49, 3),
(568, 142, 1, 7, 49, 4),
(569, 99, 1, 7, 39, 1),
(570, 102, 0, 7, 39, 2),
(571, 100, 0, 7, 39, 3),
(572, 101, 0, 7, 39, 4),
(573, 109, 1, 7, 41, 1),
(574, 108, 0, 7, 41, 2),
(575, 110, 0, 7, 41, 3),
(576, 107, 0, 7, 41, 4),
(577, 103, 0, 7, 40, 1),
(578, 105, 0, 7, 40, 2),
(579, 104, 1, 7, 40, 3),
(580, 106, 0, 7, 40, 4),
(581, 215, 1, 7, 68, 1),
(582, 217, 0, 7, 68, 2),
(583, 216, 0, 7, 68, 3),
(584, 218, 0, 7, 68, 4),
(585, 193, 1, 7, 62, 1),
(586, 194, 0, 7, 62, 2),
(587, 191, 0, 7, 62, 3),
(588, 192, 0, 7, 62, 4),
(589, 181, 0, 7, 59, 1),
(590, 182, 1, 7, 59, 2),
(591, 180, 0, 7, 59, 3),
(592, 179, 0, 7, 59, 4),
(593, 125, 0, 7, 45, 1),
(594, 124, 0, 7, 45, 2),
(595, 123, 1, 7, 45, 3),
(596, 126, 0, 7, 45, 4),
(597, 96, 0, 7, 38, 1),
(598, 97, 0, 7, 38, 2),
(599, 95, 1, 7, 38, 3),
(600, 98, 0, 7, 38, 4),
(601, 232, 0, 7, 72, 1),
(602, 233, 0, 7, 72, 2),
(603, 234, 1, 7, 72, 3),
(604, 231, 0, 7, 72, 4),
(605, 162, 0, 7, 54, 1),
(606, 160, 1, 7, 54, 2),
(607, 159, 0, 7, 54, 3),
(608, 161, 0, 7, 54, 4),
(609, 209, 0, 7, 66, 1),
(610, 208, 1, 7, 66, 2),
(611, 207, 0, 7, 66, 3),
(612, 210, 0, 7, 66, 4),
(613, 197, 1, 7, 63, 1),
(614, 196, 0, 7, 63, 2),
(615, 195, 0, 7, 63, 3),
(616, 198, 0, 7, 63, 4),
(617, 214, 0, 7, 67, 1),
(618, 211, 0, 7, 67, 2),
(619, 213, 0, 7, 67, 3),
(620, 212, 1, 7, 67, 4),
(621, 114, 0, 7, 42, 1),
(622, 112, 1, 7, 42, 2),
(623, 113, 0, 7, 42, 3),
(624, 111, 0, 7, 42, 4),
(625, 138, 1, 7, 48, 1),
(626, 136, 0, 7, 48, 2),
(627, 135, 0, 7, 48, 3),
(628, 137, 0, 7, 48, 4),
(629, 237, 0, 7, 73, 1),
(630, 235, 1, 7, 73, 2),
(631, 238, 0, 7, 73, 3),
(632, 236, 0, 7, 73, 4),
(633, 165, 0, 7, 55, 1),
(634, 163, 1, 7, 55, 2),
(635, 166, 0, 7, 55, 3),
(636, 164, 0, 7, 55, 4),
(637, 148, 0, 7, 51, 1),
(638, 147, 1, 7, 51, 2),
(639, 150, 0, 7, 51, 3),
(640, 149, 0, 7, 51, 4),
(641, 214, 0, 8, 67, 1),
(642, 211, 0, 8, 67, 2),
(643, 213, 0, 8, 67, 3),
(644, 212, 1, 8, 67, 4),
(645, 217, 0, 8, 68, 1),
(646, 216, 0, 8, 68, 2),
(647, 218, 0, 8, 68, 3),
(648, 215, 1, 8, 68, 4),
(649, 104, 1, 8, 40, 1),
(650, 103, 0, 8, 40, 2),
(651, 105, 0, 8, 40, 3),
(652, 106, 0, 8, 40, 4),
(653, 117, 0, 8, 43, 1),
(654, 118, 1, 8, 43, 2),
(655, 116, 0, 8, 43, 3),
(656, 115, 0, 8, 43, 4),
(657, 123, 1, 8, 45, 1),
(658, 126, 0, 8, 45, 2),
(659, 124, 0, 8, 45, 3),
(660, 125, 0, 8, 45, 4),
(661, 209, 0, 8, 66, 1),
(662, 207, 0, 8, 66, 2),
(663, 208, 1, 8, 66, 3),
(664, 210, 0, 8, 66, 4),
(665, 164, 0, 8, 55, 1),
(666, 166, 0, 8, 55, 2),
(667, 163, 1, 8, 55, 3),
(668, 165, 0, 8, 55, 4),
(669, 235, 1, 8, 73, 1),
(670, 236, 0, 8, 73, 2),
(671, 238, 0, 8, 73, 3),
(672, 237, 0, 8, 73, 4),
(673, 230, 0, 8, 71, 1),
(674, 227, 1, 8, 71, 2),
(675, 229, 0, 8, 71, 3),
(676, 228, 0, 8, 71, 4),
(677, 112, 1, 8, 42, 1),
(678, 113, 0, 8, 42, 2),
(679, 111, 0, 8, 42, 3),
(680, 114, 0, 8, 42, 4),
(681, 169, 0, 8, 56, 1),
(682, 168, 0, 8, 56, 2),
(683, 167, 1, 8, 56, 3),
(684, 170, 0, 8, 56, 4),
(685, 206, 1, 8, 65, 1),
(686, 203, 0, 8, 65, 2),
(687, 204, 0, 8, 65, 3),
(688, 205, 0, 8, 65, 4),
(689, 191, 0, 8, 62, 1),
(690, 193, 1, 8, 62, 2),
(691, 192, 0, 8, 62, 3),
(692, 194, 0, 8, 62, 4),
(693, 96, 0, 8, 38, 1),
(694, 95, 1, 8, 38, 2),
(695, 97, 0, 8, 38, 3),
(696, 98, 0, 8, 38, 4),
(697, 188, 0, 8, 61, 1),
(698, 190, 0, 8, 61, 2),
(699, 187, 1, 8, 61, 3),
(700, 189, 0, 8, 61, 4),
(701, 145, 0, 8, 50, 1),
(702, 144, 1, 8, 50, 2),
(703, 146, 0, 8, 50, 3),
(704, 143, 0, 8, 50, 4),
(705, 197, 1, 8, 63, 1),
(706, 198, 0, 8, 63, 2),
(707, 195, 0, 8, 63, 3),
(708, 196, 0, 8, 63, 4),
(709, 224, 1, 8, 70, 1),
(710, 223, 0, 8, 70, 2),
(711, 226, 0, 8, 70, 3),
(712, 225, 0, 8, 70, 4),
(713, 93, 0, 8, 37, 1),
(714, 91, 1, 8, 37, 2),
(715, 92, 0, 8, 37, 3),
(716, 94, 0, 8, 37, 4),
(717, 100, 0, 8, 39, 1),
(718, 102, 0, 8, 39, 2),
(719, 101, 0, 8, 39, 3),
(720, 99, 1, 8, 39, 4),
(721, 159, 0, 8, 54, 1),
(722, 160, 1, 8, 54, 2),
(723, 162, 0, 8, 54, 3),
(724, 161, 0, 8, 54, 4),
(725, 178, 0, 8, 58, 1),
(726, 177, 1, 8, 58, 2),
(727, 175, 0, 8, 58, 3),
(728, 176, 0, 8, 58, 4),
(729, 140, 0, 8, 49, 1),
(730, 142, 1, 8, 49, 2),
(731, 141, 0, 8, 49, 3),
(732, 139, 0, 8, 49, 4),
(733, 182, 1, 8, 59, 1),
(734, 180, 0, 8, 59, 2),
(735, 181, 0, 8, 59, 3),
(736, 179, 0, 8, 59, 4),
(737, 136, 0, 8, 48, 1),
(738, 135, 0, 8, 48, 2),
(739, 137, 0, 8, 48, 3),
(740, 138, 1, 8, 48, 4),
(741, 234, 1, 8, 72, 1),
(742, 233, 0, 8, 72, 2),
(743, 232, 0, 8, 72, 3),
(744, 231, 0, 8, 72, 4),
(745, 147, 1, 8, 51, 1),
(746, 149, 0, 8, 51, 2),
(747, 148, 0, 8, 51, 3),
(748, 150, 0, 8, 51, 4),
(749, 151, 0, 8, 52, 1),
(750, 152, 0, 8, 52, 2),
(751, 154, 1, 8, 52, 3),
(752, 153, 0, 8, 52, 4),
(753, 108, 0, 8, 41, 1),
(754, 110, 0, 8, 41, 2),
(755, 109, 1, 8, 41, 3),
(756, 107, 0, 8, 41, 4),
(757, 172, 1, 8, 57, 1),
(758, 174, 0, 8, 57, 2),
(759, 171, 0, 8, 57, 3),
(760, 173, 0, 8, 57, 4),
(761, 148, 0, 9, 51, 1),
(762, 149, 0, 9, 51, 2),
(763, 147, 1, 9, 51, 3),
(764, 150, 0, 9, 51, 4),
(765, 111, 0, 9, 42, 1),
(766, 112, 1, 9, 42, 2),
(767, 113, 0, 9, 42, 3),
(768, 114, 0, 9, 42, 4),
(769, 232, 0, 9, 72, 1),
(770, 231, 0, 9, 72, 2),
(771, 234, 1, 9, 72, 3),
(772, 233, 0, 9, 72, 4),
(773, 93, 0, 9, 37, 1),
(774, 91, 1, 9, 37, 2),
(775, 94, 0, 9, 37, 3),
(776, 92, 0, 9, 37, 4),
(777, 116, 0, 9, 43, 1),
(778, 118, 1, 9, 43, 2),
(779, 115, 0, 9, 43, 3),
(780, 117, 0, 9, 43, 4),
(781, 207, 0, 9, 66, 1),
(782, 210, 0, 9, 66, 2),
(783, 208, 1, 9, 66, 3),
(784, 209, 0, 9, 66, 4),
(785, 235, 1, 9, 73, 1),
(786, 236, 0, 9, 73, 2),
(787, 238, 0, 9, 73, 3),
(788, 237, 0, 9, 73, 4),
(789, 167, 1, 9, 56, 1),
(790, 169, 0, 9, 56, 2),
(791, 168, 0, 9, 56, 3),
(792, 170, 0, 9, 56, 4),
(793, 229, 0, 9, 71, 1),
(794, 230, 0, 9, 71, 2),
(795, 227, 1, 9, 71, 3),
(796, 228, 0, 9, 71, 4),
(797, 105, 0, 9, 40, 1),
(798, 103, 0, 9, 40, 2),
(799, 106, 0, 9, 40, 3),
(800, 104, 1, 9, 40, 4),
(801, 146, 0, 9, 50, 1),
(802, 145, 0, 9, 50, 2),
(803, 143, 0, 9, 50, 3),
(804, 144, 1, 9, 50, 4),
(805, 193, 1, 9, 62, 1),
(806, 194, 0, 9, 62, 2),
(807, 191, 0, 9, 62, 3),
(808, 192, 0, 9, 62, 4),
(809, 174, 0, 9, 57, 1),
(810, 173, 0, 9, 57, 2),
(811, 172, 1, 9, 57, 3),
(812, 171, 0, 9, 57, 4),
(813, 161, 0, 9, 54, 1),
(814, 160, 1, 9, 54, 2),
(815, 159, 0, 9, 54, 3),
(816, 162, 0, 9, 54, 4),
(817, 152, 0, 9, 52, 1),
(818, 153, 0, 9, 52, 2),
(819, 151, 0, 9, 52, 3),
(820, 154, 1, 9, 52, 4),
(821, 216, 0, 9, 68, 1),
(822, 218, 0, 9, 68, 2),
(823, 215, 1, 9, 68, 3),
(824, 217, 0, 9, 68, 4),
(825, 223, 0, 9, 70, 1),
(826, 224, 1, 9, 70, 2),
(827, 225, 0, 9, 70, 3),
(828, 226, 0, 9, 70, 4),
(829, 204, 0, 9, 65, 1),
(830, 206, 1, 9, 65, 2),
(831, 203, 0, 9, 65, 3),
(832, 205, 0, 9, 65, 4),
(833, 135, 0, 9, 48, 1),
(834, 136, 0, 9, 48, 2),
(835, 138, 1, 9, 48, 3),
(836, 137, 0, 9, 48, 4),
(837, 212, 1, 9, 67, 1),
(838, 211, 0, 9, 67, 2),
(839, 214, 0, 9, 67, 3),
(840, 213, 0, 9, 67, 4),
(841, 165, 0, 9, 55, 1),
(842, 166, 0, 9, 55, 2),
(843, 163, 1, 9, 55, 3),
(844, 164, 0, 9, 55, 4),
(845, 108, 0, 9, 41, 1),
(846, 109, 1, 9, 41, 2),
(847, 107, 0, 9, 41, 3),
(848, 110, 0, 9, 41, 4),
(849, 141, 0, 9, 49, 1),
(850, 139, 0, 9, 49, 2),
(851, 140, 0, 9, 49, 3),
(852, 142, 1, 9, 49, 4),
(853, 179, 0, 9, 59, 1),
(854, 182, 1, 9, 59, 2),
(855, 181, 0, 9, 59, 3),
(856, 180, 0, 9, 59, 4),
(857, 96, 0, 9, 38, 1),
(858, 98, 0, 9, 38, 2),
(859, 97, 0, 9, 38, 3),
(860, 95, 1, 9, 38, 4),
(861, 188, 0, 9, 61, 1),
(862, 189, 0, 9, 61, 2),
(863, 190, 0, 9, 61, 3),
(864, 187, 1, 9, 61, 4),
(865, 126, 0, 9, 45, 1),
(866, 123, 1, 9, 45, 2),
(867, 125, 0, 9, 45, 3),
(868, 124, 0, 9, 45, 4),
(869, 197, 1, 9, 63, 1),
(870, 196, 0, 9, 63, 2),
(871, 198, 0, 9, 63, 3),
(872, 195, 0, 9, 63, 4),
(873, 175, 0, 9, 58, 1),
(874, 176, 0, 9, 58, 2),
(875, 178, 0, 9, 58, 3),
(876, 177, 1, 9, 58, 4),
(877, 100, 0, 9, 39, 1),
(878, 102, 0, 9, 39, 2),
(879, 101, 0, 9, 39, 3),
(880, 99, 1, 9, 39, 4),
(881, 148, 0, 10, 51, 1),
(882, 147, 1, 10, 51, 2),
(883, 149, 0, 10, 51, 3),
(884, 150, 0, 10, 51, 4),
(885, 124, 0, 10, 45, 1),
(886, 125, 0, 10, 45, 2),
(887, 126, 0, 10, 45, 3),
(888, 123, 1, 10, 45, 4),
(889, 174, 0, 10, 57, 1),
(890, 171, 0, 10, 57, 2),
(891, 172, 1, 10, 57, 3),
(892, 173, 0, 10, 57, 4),
(893, 182, 1, 10, 59, 1),
(894, 179, 0, 10, 59, 2),
(895, 180, 0, 10, 59, 3),
(896, 181, 0, 10, 59, 4),
(897, 95, 1, 10, 38, 1),
(898, 98, 0, 10, 38, 2),
(899, 96, 0, 10, 38, 3),
(900, 97, 0, 10, 38, 4),
(901, 118, 1, 10, 43, 1),
(902, 115, 0, 10, 43, 2),
(903, 116, 0, 10, 43, 3),
(904, 117, 0, 10, 43, 4),
(905, 144, 1, 10, 50, 1),
(906, 145, 0, 10, 50, 2),
(907, 146, 0, 10, 50, 3),
(908, 143, 0, 10, 50, 4),
(909, 196, 0, 10, 63, 1),
(910, 197, 1, 10, 63, 2),
(911, 198, 0, 10, 63, 3),
(912, 195, 0, 10, 63, 4),
(913, 227, 1, 10, 71, 1),
(914, 230, 0, 10, 71, 2),
(915, 229, 0, 10, 71, 3),
(916, 228, 0, 10, 71, 4),
(917, 161, 0, 10, 54, 1),
(918, 162, 0, 10, 54, 2),
(919, 160, 1, 10, 54, 3),
(920, 159, 0, 10, 54, 4),
(921, 235, 1, 10, 73, 1),
(922, 237, 0, 10, 73, 2),
(923, 238, 0, 10, 73, 3),
(924, 236, 0, 10, 73, 4),
(925, 100, 0, 10, 39, 1),
(926, 99, 1, 10, 39, 2),
(927, 102, 0, 10, 39, 3),
(928, 101, 0, 10, 39, 4),
(929, 175, 0, 10, 58, 1),
(930, 178, 0, 10, 58, 2),
(931, 177, 1, 10, 58, 3),
(932, 176, 0, 10, 58, 4),
(933, 232, 0, 10, 72, 1),
(934, 234, 1, 10, 72, 2),
(935, 233, 0, 10, 72, 3),
(936, 231, 0, 10, 72, 4),
(937, 207, 0, 10, 66, 1),
(938, 209, 0, 10, 66, 2),
(939, 210, 0, 10, 66, 3),
(940, 208, 1, 10, 66, 4),
(941, 105, 0, 10, 40, 1),
(942, 106, 0, 10, 40, 2),
(943, 104, 1, 10, 40, 3),
(944, 103, 0, 10, 40, 4),
(945, 170, 0, 10, 56, 1),
(946, 167, 1, 10, 56, 2),
(947, 168, 0, 10, 56, 3),
(948, 169, 0, 10, 56, 4),
(949, 165, 0, 10, 55, 1),
(950, 163, 1, 10, 55, 2),
(951, 164, 0, 10, 55, 3),
(952, 166, 0, 10, 55, 4),
(953, 216, 0, 10, 68, 1),
(954, 218, 0, 10, 68, 2),
(955, 217, 0, 10, 68, 3),
(956, 215, 1, 10, 68, 4),
(957, 203, 0, 10, 65, 1),
(958, 205, 0, 10, 65, 2),
(959, 204, 0, 10, 65, 3),
(960, 206, 1, 10, 65, 4),
(961, 136, 0, 10, 48, 1),
(962, 138, 1, 10, 48, 2),
(963, 135, 0, 10, 48, 3),
(964, 137, 0, 10, 48, 4),
(965, 193, 1, 10, 62, 1),
(966, 194, 0, 10, 62, 2),
(967, 192, 0, 10, 62, 3),
(968, 191, 0, 10, 62, 4),
(969, 111, 0, 10, 42, 1),
(970, 112, 1, 10, 42, 2),
(971, 114, 0, 10, 42, 3),
(972, 113, 0, 10, 42, 4),
(973, 110, 0, 10, 41, 1),
(974, 109, 1, 10, 41, 2),
(975, 108, 0, 10, 41, 3),
(976, 107, 0, 10, 41, 4),
(977, 211, 0, 10, 67, 1),
(978, 212, 1, 10, 67, 2),
(979, 213, 0, 10, 67, 3),
(980, 214, 0, 10, 67, 4),
(981, 154, 1, 10, 52, 1),
(982, 152, 0, 10, 52, 2),
(983, 151, 0, 10, 52, 3),
(984, 153, 0, 10, 52, 4),
(985, 140, 0, 10, 49, 1),
(986, 141, 0, 10, 49, 2),
(987, 142, 1, 10, 49, 3),
(988, 139, 0, 10, 49, 4),
(989, 187, 1, 10, 61, 1),
(990, 188, 0, 10, 61, 2),
(991, 190, 0, 10, 61, 3),
(992, 189, 0, 10, 61, 4),
(993, 224, 1, 10, 70, 1),
(994, 226, 0, 10, 70, 2),
(995, 225, 0, 10, 70, 3),
(996, 223, 0, 10, 70, 4),
(997, 91, 1, 10, 37, 1),
(998, 93, 0, 10, 37, 2),
(999, 94, 0, 10, 37, 3),
(1000, 92, 0, 10, 37, 4),
(1001, 225, 0, 11, 70, 1),
(1002, 224, 1, 11, 70, 2),
(1003, 223, 0, 11, 70, 3),
(1004, 226, 0, 11, 70, 4),
(1005, 216, 0, 11, 68, 1),
(1006, 215, 1, 11, 68, 2),
(1007, 218, 0, 11, 68, 3),
(1008, 217, 0, 11, 68, 4),
(1009, 168, 0, 11, 56, 1),
(1010, 167, 1, 11, 56, 2),
(1011, 170, 0, 11, 56, 3),
(1012, 169, 0, 11, 56, 4),
(1013, 162, 0, 11, 54, 1),
(1014, 159, 0, 11, 54, 2),
(1015, 160, 1, 11, 54, 3),
(1016, 161, 0, 11, 54, 4),
(1017, 165, 0, 11, 55, 1),
(1018, 166, 0, 11, 55, 2),
(1019, 164, 0, 11, 55, 3),
(1020, 163, 1, 11, 55, 4),
(1021, 144, 1, 11, 50, 1),
(1022, 146, 0, 11, 50, 2),
(1023, 145, 0, 11, 50, 3),
(1024, 143, 0, 11, 50, 4),
(1025, 97, 0, 11, 38, 1),
(1026, 98, 0, 11, 38, 2),
(1027, 95, 1, 11, 38, 3),
(1028, 96, 0, 11, 38, 4),
(1029, 182, 1, 11, 59, 1),
(1030, 181, 0, 11, 59, 2),
(1031, 179, 0, 11, 59, 3),
(1032, 180, 0, 11, 59, 4),
(1033, 211, 0, 11, 67, 1),
(1034, 212, 1, 11, 67, 2),
(1035, 213, 0, 11, 67, 3),
(1036, 214, 0, 11, 67, 4),
(1037, 210, 0, 11, 66, 1),
(1038, 208, 1, 11, 66, 2),
(1039, 209, 0, 11, 66, 3),
(1040, 207, 0, 11, 66, 4),
(1041, 176, 0, 11, 58, 1),
(1042, 178, 0, 11, 58, 2),
(1043, 175, 0, 11, 58, 3),
(1044, 177, 1, 11, 58, 4),
(1045, 232, 0, 11, 72, 1),
(1046, 233, 0, 11, 72, 2),
(1047, 234, 1, 11, 72, 3),
(1048, 231, 0, 11, 72, 4),
(1049, 136, 0, 11, 48, 1),
(1050, 135, 0, 11, 48, 2),
(1051, 138, 1, 11, 48, 3),
(1052, 137, 0, 11, 48, 4),
(1053, 125, 0, 11, 45, 1),
(1054, 123, 1, 11, 45, 2),
(1055, 124, 0, 11, 45, 3),
(1056, 126, 0, 11, 45, 4),
(1057, 113, 0, 11, 42, 1),
(1058, 111, 0, 11, 42, 2),
(1059, 112, 1, 11, 42, 3),
(1060, 114, 0, 11, 42, 4),
(1061, 117, 0, 11, 43, 1),
(1062, 116, 0, 11, 43, 2),
(1063, 118, 1, 11, 43, 3),
(1064, 115, 0, 11, 43, 4),
(1065, 109, 1, 11, 41, 1),
(1066, 110, 0, 11, 41, 2),
(1067, 108, 0, 11, 41, 3),
(1068, 107, 0, 11, 41, 4),
(1069, 91, 1, 11, 37, 1),
(1070, 94, 0, 11, 37, 2),
(1071, 93, 0, 11, 37, 3),
(1072, 92, 0, 11, 37, 4),
(1073, 174, 0, 11, 57, 1),
(1074, 171, 0, 11, 57, 2),
(1075, 173, 0, 11, 57, 3),
(1076, 172, 1, 11, 57, 4),
(1077, 227, 1, 11, 71, 1),
(1078, 230, 0, 11, 71, 2),
(1079, 228, 0, 11, 71, 3),
(1080, 229, 0, 11, 71, 4),
(1081, 152, 0, 11, 52, 1),
(1082, 153, 0, 11, 52, 2),
(1083, 154, 1, 11, 52, 3),
(1084, 151, 0, 11, 52, 4),
(1085, 203, 0, 11, 65, 1),
(1086, 206, 1, 11, 65, 2),
(1087, 204, 0, 11, 65, 3),
(1088, 205, 0, 11, 65, 4),
(1089, 149, 0, 11, 51, 1),
(1090, 148, 0, 11, 51, 2),
(1091, 147, 1, 11, 51, 3),
(1092, 150, 0, 11, 51, 4),
(1093, 196, 0, 11, 63, 1),
(1094, 195, 0, 11, 63, 2),
(1095, 198, 0, 11, 63, 3),
(1096, 197, 1, 11, 63, 4),
(1097, 104, 1, 11, 40, 1),
(1098, 106, 0, 11, 40, 2),
(1099, 103, 0, 11, 40, 3),
(1100, 105, 0, 11, 40, 4),
(1101, 188, 0, 11, 61, 1),
(1102, 187, 1, 11, 61, 2),
(1103, 189, 0, 11, 61, 3),
(1104, 190, 0, 11, 61, 4),
(1105, 140, 0, 11, 49, 1),
(1106, 139, 0, 11, 49, 2),
(1107, 141, 0, 11, 49, 3),
(1108, 142, 1, 11, 49, 4),
(1109, 237, 0, 11, 73, 1),
(1110, 235, 1, 11, 73, 2),
(1111, 236, 0, 11, 73, 3),
(1112, 238, 0, 11, 73, 4),
(1113, 194, 0, 11, 62, 1),
(1114, 191, 0, 11, 62, 2),
(1115, 193, 1, 11, 62, 3),
(1116, 192, 0, 11, 62, 4),
(1117, 101, 0, 11, 39, 1),
(1118, 100, 0, 11, 39, 2),
(1119, 99, 1, 11, 39, 3),
(1120, 102, 0, 11, 39, 4),
(1121, 172, 1, 12, 57, 1),
(1122, 173, 0, 12, 57, 2),
(1123, 174, 0, 12, 57, 3),
(1124, 171, 0, 12, 57, 4),
(1125, 116, 0, 12, 43, 1),
(1126, 118, 1, 12, 43, 2),
(1127, 115, 0, 12, 43, 3),
(1128, 117, 0, 12, 43, 4),
(1129, 229, 0, 12, 71, 1),
(1130, 228, 0, 12, 71, 2),
(1131, 227, 1, 12, 71, 3),
(1132, 230, 0, 12, 71, 4),
(1133, 147, 1, 12, 51, 1),
(1134, 149, 0, 12, 51, 2),
(1135, 150, 0, 12, 51, 3),
(1136, 148, 0, 12, 51, 4),
(1137, 226, 0, 12, 70, 1),
(1138, 223, 0, 12, 70, 2),
(1139, 225, 0, 12, 70, 3),
(1140, 224, 1, 12, 70, 4),
(1141, 215, 1, 12, 68, 1),
(1142, 216, 0, 12, 68, 2),
(1143, 218, 0, 12, 68, 3),
(1144, 217, 0, 12, 68, 4),
(1145, 198, 0, 12, 63, 1),
(1146, 197, 1, 12, 63, 2),
(1147, 196, 0, 12, 63, 3),
(1148, 195, 0, 12, 63, 4),
(1149, 167, 1, 12, 56, 1),
(1150, 168, 0, 12, 56, 2),
(1151, 169, 0, 12, 56, 3),
(1152, 170, 0, 12, 56, 4),
(1153, 154, 1, 12, 52, 1),
(1154, 153, 0, 12, 52, 2),
(1155, 151, 0, 12, 52, 3),
(1156, 152, 0, 12, 52, 4),
(1157, 231, 0, 12, 72, 1),
(1158, 233, 0, 12, 72, 2),
(1159, 232, 0, 12, 72, 3),
(1160, 234, 1, 12, 72, 4),
(1161, 162, 0, 12, 54, 1),
(1162, 160, 1, 12, 54, 2),
(1163, 161, 0, 12, 54, 3),
(1164, 159, 0, 12, 54, 4),
(1165, 176, 0, 12, 58, 1),
(1166, 177, 1, 12, 58, 2),
(1167, 178, 0, 12, 58, 3),
(1168, 175, 0, 12, 58, 4),
(1169, 91, 1, 12, 37, 1),
(1170, 93, 0, 12, 37, 2),
(1171, 92, 0, 12, 37, 3),
(1172, 94, 0, 12, 37, 4),
(1173, 193, 1, 12, 62, 1),
(1174, 194, 0, 12, 62, 2),
(1175, 192, 0, 12, 62, 3),
(1176, 191, 0, 12, 62, 4),
(1177, 182, 1, 12, 59, 1),
(1178, 180, 0, 12, 59, 2),
(1179, 181, 0, 12, 59, 3),
(1180, 179, 0, 12, 59, 4),
(1181, 139, 0, 12, 49, 1),
(1182, 141, 0, 12, 49, 2),
(1183, 142, 1, 12, 49, 3),
(1184, 140, 0, 12, 49, 4),
(1185, 114, 0, 12, 42, 1),
(1186, 113, 0, 12, 42, 2),
(1187, 111, 0, 12, 42, 3),
(1188, 112, 1, 12, 42, 4),
(1189, 97, 0, 12, 38, 1),
(1190, 96, 0, 12, 38, 2),
(1191, 98, 0, 12, 38, 3),
(1192, 95, 1, 12, 38, 4),
(1193, 109, 1, 12, 41, 1),
(1194, 108, 0, 12, 41, 2),
(1195, 107, 0, 12, 41, 3),
(1196, 110, 0, 12, 41, 4),
(1197, 187, 1, 12, 61, 1),
(1198, 188, 0, 12, 61, 2),
(1199, 189, 0, 12, 61, 3),
(1200, 190, 0, 12, 61, 4),
(1201, 106, 0, 12, 40, 1),
(1202, 103, 0, 12, 40, 2),
(1203, 105, 0, 12, 40, 3),
(1204, 104, 1, 12, 40, 4),
(1205, 101, 0, 12, 39, 1),
(1206, 102, 0, 12, 39, 2),
(1207, 99, 1, 12, 39, 3),
(1208, 100, 0, 12, 39, 4),
(1209, 214, 0, 12, 67, 1),
(1210, 211, 0, 12, 67, 2),
(1211, 212, 1, 12, 67, 3),
(1212, 213, 0, 12, 67, 4),
(1213, 138, 1, 12, 48, 1),
(1214, 135, 0, 12, 48, 2),
(1215, 137, 0, 12, 48, 3),
(1216, 136, 0, 12, 48, 4),
(1217, 125, 0, 12, 45, 1),
(1218, 126, 0, 12, 45, 2),
(1219, 123, 1, 12, 45, 3),
(1220, 124, 0, 12, 45, 4),
(1221, 146, 0, 12, 50, 1),
(1222, 144, 1, 12, 50, 2),
(1223, 143, 0, 12, 50, 3),
(1224, 145, 0, 12, 50, 4),
(1225, 236, 0, 12, 73, 1),
(1226, 235, 1, 12, 73, 2),
(1227, 238, 0, 12, 73, 3),
(1228, 237, 0, 12, 73, 4),
(1229, 207, 0, 12, 66, 1),
(1230, 208, 1, 12, 66, 2),
(1231, 209, 0, 12, 66, 3),
(1232, 210, 0, 12, 66, 4),
(1233, 205, 0, 12, 65, 1),
(1234, 203, 0, 12, 65, 2),
(1235, 204, 0, 12, 65, 3),
(1236, 206, 1, 12, 65, 4),
(1237, 166, 0, 12, 55, 1),
(1238, 164, 0, 12, 55, 2),
(1239, 163, 1, 12, 55, 3),
(1240, 165, 0, 12, 55, 4);

-- --------------------------------------------------------

--
-- Table structure for table `block`
--

DROP TABLE IF EXISTS `block`;
CREATE TABLE IF NOT EXISTS `block` (
  `block_id` int(11) NOT NULL AUTO_INCREMENT,
  `title` varchar(255) NOT NULL,
  `updated_time` timestamp NOT NULL DEFAULT CURRENT_TIMESTAMP ON UPDATE CURRENT_TIMESTAMP,
  PRIMARY KEY (`block_id`)
) ENGINE=InnoDB  DEFAULT CHARSET=utf8 AUTO_INCREMENT=4 ;

--
-- Dumping data for table `block`
--

INSERT INTO `block` (`block_id`, `title`, `updated_time`) VALUES
(1, 'Khối 10', '2012-09-02 11:57:28'),
(2, 'Khối 11', '2012-09-02 11:57:35'),
(3, 'Khối 12', '2012-09-02 11:57:44');

-- --------------------------------------------------------

--
-- Table structure for table `class`
--

DROP TABLE IF EXISTS `class`;
CREATE TABLE IF NOT EXISTS `class` (
  `class_id` int(11) NOT NULL AUTO_INCREMENT,
  `block_id` int(11) NOT NULL,
  `class_name` varchar(255) NOT NULL,
  `published` tinyint(4) NOT NULL DEFAULT '1',
  PRIMARY KEY (`class_id`),
  KEY `FK_class` (`block_id`)
) ENGINE=InnoDB  DEFAULT CHARSET=utf8 AUTO_INCREMENT=4 ;

--
-- Dumping data for table `class`
--

INSERT INTO `class` (`class_id`, `block_id`, `class_name`, `published`) VALUES
(1, 1, 'Lớp 10A1', 1),
(2, 2, 'Lớp 11A1', 1),
(3, 1, 'Lớp 10', 1);

-- --------------------------------------------------------

--
-- Table structure for table `exam`
--

DROP TABLE IF EXISTS `exam`;
CREATE TABLE IF NOT EXISTS `exam` (
  `exam_id` int(11) NOT NULL AUTO_INCREMENT,
  `title` varchar(255) DEFAULT NULL,
  `time` int(11) DEFAULT NULL COMMENT 'so phut',
  `published` tinyint(4) DEFAULT '1',
  PRIMARY KEY (`exam_id`),
  UNIQUE KEY `time` (`time`)
) ENGINE=InnoDB  DEFAULT CHARSET=utf8 AUTO_INCREMENT=5 ;

--
-- Dumping data for table `exam`
--

INSERT INTO `exam` (`exam_id`, `title`, `time`, `published`) VALUES
(1, '2 tiết', 90, 1),
(3, '15 phút', 15, 1),
(4, '1 tiết', 45, 1);

-- --------------------------------------------------------

--
-- Table structure for table `question`
--

DROP TABLE IF EXISTS `question`;
CREATE TABLE IF NOT EXISTS `question` (
  `storage_question_id` int(11) NOT NULL,
  `topic_id` int(11) NOT NULL,
  `mark` float NOT NULL DEFAULT '0',
  `number` int(11) NOT NULL DEFAULT '0',
  PRIMARY KEY (`storage_question_id`,`topic_id`),
  KEY `FK_question_topic` (`topic_id`)
) ENGINE=InnoDB DEFAULT CHARSET=utf8;

--
-- Dumping data for table `question`
--

INSERT INTO `question` (`storage_question_id`, `topic_id`, `mark`, `number`) VALUES
(37, 3, 0, 9),
(37, 4, 0, 15),
(37, 5, 0, 4),
(37, 6, 0, 30),
(37, 7, 0, 11),
(37, 8, 0, 19),
(37, 9, 0, 4),
(37, 10, 0, 30),
(37, 11, 0, 18),
(37, 12, 0, 13),
(38, 1, 0, 2),
(38, 2, 0, 5),
(38, 3, 0, 20),
(38, 4, 0, 3),
(38, 5, 0, 17),
(38, 6, 0, 20),
(38, 7, 0, 20),
(38, 8, 0, 14),
(38, 9, 0, 25),
(38, 10, 0, 5),
(38, 11, 0, 7),
(38, 12, 0, 18),
(39, 3, 0, 14),
(39, 4, 0, 27),
(39, 5, 0, 26),
(39, 6, 0, 2),
(39, 7, 0, 13),
(39, 8, 0, 20),
(39, 9, 0, 30),
(39, 10, 0, 12),
(39, 11, 0, 30),
(39, 12, 0, 22),
(40, 3, 0, 13),
(40, 4, 0, 29),
(40, 5, 0, 12),
(40, 6, 0, 19),
(40, 7, 0, 15),
(40, 8, 0, 3),
(40, 9, 0, 10),
(40, 10, 0, 16),
(40, 11, 0, 25),
(40, 12, 0, 21),
(41, 3, 0, 8),
(41, 4, 0, 7),
(41, 5, 0, 8),
(41, 6, 0, 7),
(41, 7, 0, 14),
(41, 8, 0, 29),
(41, 9, 0, 22),
(41, 10, 0, 24),
(41, 11, 0, 17),
(41, 12, 0, 19),
(42, 3, 0, 3),
(42, 4, 0, 19),
(42, 5, 0, 25),
(42, 6, 0, 28),
(42, 7, 0, 26),
(42, 8, 0, 10),
(42, 9, 0, 2),
(42, 10, 0, 23),
(42, 11, 0, 15),
(42, 12, 0, 17),
(43, 3, 0, 26),
(43, 4, 0, 21),
(43, 5, 0, 28),
(43, 6, 0, 29),
(43, 7, 0, 7),
(43, 8, 0, 4),
(43, 9, 0, 5),
(43, 10, 0, 6),
(43, 11, 0, 16),
(43, 12, 0, 2),
(45, 1, 0, 4),
(45, 2, 0, 1),
(45, 3, 0, 28),
(45, 4, 0, 14),
(45, 5, 0, 21),
(45, 6, 0, 11),
(45, 7, 0, 19),
(45, 8, 0, 5),
(45, 9, 0, 27),
(45, 10, 0, 2),
(45, 11, 0, 14),
(45, 12, 0, 25),
(48, 1, 0, 1),
(48, 2, 0, 3),
(48, 3, 0, 21),
(48, 4, 0, 26),
(48, 5, 0, 5),
(48, 6, 0, 9),
(48, 7, 0, 27),
(48, 8, 0, 25),
(48, 9, 0, 19),
(48, 10, 0, 21),
(48, 11, 0, 13),
(48, 12, 0, 24),
(49, 3, 0, 1),
(49, 4, 0, 17),
(49, 5, 0, 16),
(49, 6, 0, 13),
(49, 7, 0, 12),
(49, 8, 0, 23),
(49, 9, 0, 23),
(49, 10, 0, 27),
(49, 11, 0, 27),
(49, 12, 0, 16),
(50, 3, 0, 16),
(50, 4, 0, 13),
(50, 5, 0, 11),
(50, 6, 0, 14),
(50, 7, 0, 6),
(50, 8, 0, 16),
(50, 9, 0, 11),
(50, 10, 0, 7),
(50, 11, 0, 6),
(50, 12, 0, 26),
(51, 3, 0, 4),
(51, 4, 0, 16),
(51, 5, 0, 23),
(51, 6, 0, 5),
(51, 7, 0, 30),
(51, 8, 0, 27),
(51, 9, 0, 1),
(51, 10, 0, 1),
(51, 11, 0, 23),
(51, 12, 0, 4),
(52, 3, 0, 19),
(52, 4, 0, 25),
(52, 5, 0, 6),
(52, 6, 0, 1),
(52, 7, 0, 4),
(52, 8, 0, 28),
(52, 9, 0, 15),
(52, 10, 0, 26),
(52, 11, 0, 21),
(52, 12, 0, 9),
(54, 3, 0, 23),
(54, 4, 0, 23),
(54, 5, 0, 1),
(54, 6, 0, 17),
(54, 7, 0, 22),
(54, 8, 0, 21),
(54, 9, 0, 14),
(54, 10, 0, 10),
(54, 11, 0, 4),
(54, 12, 0, 11),
(55, 3, 0, 15),
(55, 4, 0, 24),
(55, 5, 0, 27),
(55, 6, 0, 6),
(55, 7, 0, 29),
(55, 8, 0, 7),
(55, 9, 0, 21),
(55, 10, 0, 18),
(55, 11, 0, 5),
(55, 12, 0, 30),
(56, 1, 0, 3),
(56, 2, 0, 4),
(56, 3, 0, 24),
(56, 4, 0, 12),
(56, 5, 0, 19),
(56, 6, 0, 3),
(56, 7, 0, 1),
(56, 8, 0, 11),
(56, 9, 0, 8),
(56, 10, 0, 17),
(56, 11, 0, 3),
(56, 12, 0, 8),
(57, 1, 0, 5),
(57, 2, 0, 2),
(57, 3, 0, 2),
(57, 4, 0, 28),
(57, 5, 0, 20),
(57, 6, 0, 22),
(57, 7, 0, 9),
(57, 8, 0, 30),
(57, 9, 0, 13),
(57, 10, 0, 3),
(57, 11, 0, 19),
(57, 12, 0, 1),
(58, 3, 0, 10),
(58, 4, 0, 9),
(58, 5, 0, 30),
(58, 6, 0, 16),
(58, 7, 0, 3),
(58, 8, 0, 22),
(58, 9, 0, 29),
(58, 10, 0, 13),
(58, 11, 0, 11),
(58, 12, 0, 12),
(59, 3, 0, 17),
(59, 4, 0, 22),
(59, 5, 0, 10),
(59, 6, 0, 18),
(59, 7, 0, 18),
(59, 8, 0, 24),
(59, 9, 0, 24),
(59, 10, 0, 4),
(59, 11, 0, 8),
(59, 12, 0, 15),
(61, 3, 0, 30),
(61, 4, 0, 1),
(61, 5, 0, 13),
(61, 6, 0, 27),
(61, 7, 0, 8),
(61, 8, 0, 15),
(61, 9, 0, 26),
(61, 10, 0, 28),
(61, 11, 0, 26),
(61, 12, 0, 20),
(62, 3, 0, 29),
(62, 4, 0, 20),
(62, 5, 0, 24),
(62, 6, 0, 26),
(62, 7, 0, 17),
(62, 8, 0, 13),
(62, 9, 0, 12),
(62, 10, 0, 22),
(62, 11, 0, 29),
(62, 12, 0, 14),
(63, 3, 0, 5),
(63, 4, 0, 11),
(63, 5, 0, 7),
(63, 6, 0, 4),
(63, 7, 0, 24),
(63, 8, 0, 17),
(63, 9, 0, 28),
(63, 10, 0, 8),
(63, 11, 0, 24),
(63, 12, 0, 7),
(65, 3, 0, 25),
(65, 4, 0, 2),
(65, 5, 0, 14),
(65, 6, 0, 15),
(65, 7, 0, 10),
(65, 8, 0, 12),
(65, 9, 0, 18),
(65, 10, 0, 20),
(65, 11, 0, 22),
(65, 12, 0, 29),
(66, 3, 0, 22),
(66, 4, 0, 6),
(66, 5, 0, 3),
(66, 6, 0, 24),
(66, 7, 0, 23),
(66, 8, 0, 6),
(66, 9, 0, 6),
(66, 10, 0, 15),
(66, 11, 0, 10),
(66, 12, 0, 28),
(67, 3, 0, 11),
(67, 4, 0, 10),
(67, 5, 0, 22),
(67, 6, 0, 12),
(67, 7, 0, 25),
(67, 8, 0, 1),
(67, 9, 0, 20),
(67, 10, 0, 25),
(67, 11, 0, 9),
(67, 12, 0, 23),
(68, 3, 0, 12),
(68, 4, 0, 5),
(68, 5, 0, 9),
(68, 6, 0, 8),
(68, 7, 0, 16),
(68, 8, 0, 2),
(68, 9, 0, 16),
(68, 10, 0, 19),
(68, 11, 0, 2),
(68, 12, 0, 6),
(70, 3, 0, 27),
(70, 4, 0, 8),
(70, 5, 0, 29),
(70, 6, 0, 23),
(70, 7, 0, 2),
(70, 8, 0, 18),
(70, 9, 0, 17),
(70, 10, 0, 29),
(70, 11, 0, 1),
(70, 12, 0, 5),
(71, 3, 0, 7),
(71, 4, 0, 30),
(71, 5, 0, 15),
(71, 6, 0, 21),
(71, 7, 0, 5),
(71, 8, 0, 9),
(71, 9, 0, 9),
(71, 10, 0, 9),
(71, 11, 0, 20),
(71, 12, 0, 3),
(72, 3, 0, 18),
(72, 4, 0, 4),
(72, 5, 0, 2),
(72, 6, 0, 10),
(72, 7, 0, 21),
(72, 8, 0, 26),
(72, 9, 0, 3),
(72, 10, 0, 14),
(72, 11, 0, 12),
(72, 12, 0, 10),
(73, 3, 0, 6),
(73, 4, 0, 18),
(73, 5, 0, 18),
(73, 6, 0, 25),
(73, 7, 0, 28),
(73, 8, 0, 8),
(73, 9, 0, 7),
(73, 10, 0, 11),
(73, 11, 0, 28),
(73, 12, 0, 27);

-- --------------------------------------------------------

--
-- Table structure for table `storage`
--

DROP TABLE IF EXISTS `storage`;
CREATE TABLE IF NOT EXISTS `storage` (
  `storage_id` int(11) NOT NULL AUTO_INCREMENT,
  `title` varchar(255) NOT NULL,
  `updated_time` timestamp NULL DEFAULT CURRENT_TIMESTAMP,
  `subjects_id` int(11) DEFAULT '0',
  `published` tinyint(4) NOT NULL DEFAULT '1',
  PRIMARY KEY (`storage_id`),
  KEY `FK_storage` (`subjects_id`)
) ENGINE=InnoDB  DEFAULT CHARSET=utf8 AUTO_INCREMENT=10 ;

--
-- Dumping data for table `storage`
--

INSERT INTO `storage` (`storage_id`, `title`, `updated_time`, `subjects_id`, `published`) VALUES
(5, 'kho 21', '2012-09-01 05:50:51', 1, 1),
(6, 'kho 3', '2012-09-01 06:55:55', 2, 1),
(8, 'abc', '2012-09-17 17:10:58', 1, 1),
(9, 'Kho 1', '2012-11-24 13:35:16', 1, 1);

-- --------------------------------------------------------

--
-- Table structure for table `storage_answer`
--

DROP TABLE IF EXISTS `storage_answer`;
CREATE TABLE IF NOT EXISTS `storage_answer` (
  `storage_answer_id` int(11) NOT NULL AUTO_INCREMENT,
  `storage_question_id` int(11) NOT NULL,
  `answer` text NOT NULL,
  `correct_answer` tinyint(4) NOT NULL DEFAULT '0',
  PRIMARY KEY (`storage_answer_id`),
  KEY `FK_storage_answer` (`storage_question_id`)
) ENGINE=InnoDB  DEFAULT CHARSET=utf8 AUTO_INCREMENT=259 ;

--
-- Dumping data for table `storage_answer`
--

INSERT INTO `storage_answer` (`storage_answer_id`, `storage_question_id`, `answer`, `correct_answer`) VALUES
(39, 21, 'Khu Hoan kiem', 1),
(40, 21, 'Ha noi', 0),
(41, 21, 'Khu Hoan kiem - Ha noi', 0),
(42, 22, '111', 0),
(43, 22, '3', 0),
(44, 22, '4', 1),
(45, 22, '12', 0),
(46, 23, '21', 0),
(47, 23, '13', 1),
(48, 23, '11', 0),
(49, 23, '10', 0),
(50, 24, 'Giá trị đầu  và Giá trị cuối là các biểu thức khác kiểu với kiểu dữ liệu của Biến đếm;', 0),
(51, 24, 'Câu lệnh viết sau từ khóa do được thực hiện tuần tự, với biến đếm lần lượt nhận các giá trị liên tiếp tăng từ giá trị đầu đến giá trị cuối;', 0),
(52, 24, 'Giá trị đầu  và Giá trị cuối là các biểu thức cùng kiểu với kiểu dữ liệu của Biến đếm;', 0),
(53, 24, 'Câu lệnh sau từ khóa do có thể là câu lệnh ghép;', 1),
(54, 25, 'Là bộ nhớ đặt bên ngoài hộp máy tính', 0),
(55, 25, 'Là bộ nhớ lưu trữ lâu dài dữ liệu và hỗ trợ bộ nhớ trong', 1),
(56, 25, 'a và b đúng', 0),
(57, 25, 'a và b sai', 0),
(58, 26, '1, 34 MB            ', 0),
(59, 26, '1,24 MB                ', 0),
(60, 26, '1,44 MB              ', 1),
(61, 26, 'Tất cả đều sai', 0),
(62, 27, 'Cần phải nhập lệnh từ bàn phím', 0),
(63, 27, 'Chỉ chọn được bằng thiết bị chuột', 1),
(64, 27, 'Chỉ có trên hệ điều hành Windows', 0),
(65, 28, 'Trước khi các chương trình ứng dụng được thực hiện.', 1),
(66, 28, 'Trong khi các chương trình ứng dụng được thực hiện', 0),
(67, 28, 'Sau khi các chương trình ứngdụng được thực hiện', 0),
(68, 28, '10', 0),
(69, 29, 'Máy tính tự kiểm tra các thiết bị phần cứng', 0),
(70, 29, 'Bật máy', 1),
(71, 29, 'Người dùng làm việc', 0),
(72, 29, 'Hệ điều hành được nạp vào bộ nhớ trong.', 0),
(73, 30, 'đúng', 1),
(74, 30, 'sai', 0),
(75, 31, 'đúng', 1),
(76, 31, 'sai', 0),
(79, 33, 'đúng', 0),
(80, 33, 'sai', 1),
(81, 34, 'đúng', 0),
(82, 34, 'sai', 1),
(87, 36, 'Mở một hồ sơ mới', 0),
(88, 36, 'Mở một hồ sơ đã có', 1),
(89, 36, 'Đóng hồ sơ đang mở', 0),
(90, 36, 'Lưu hồ sơ vào đĩa', 0),
(91, 37, 'Ctrl – Z', 1),
(92, 37, 'Ctrl – X', 0),
(93, 37, 'Ctrl - V', 0),
(94, 37, 'Ctrl - Y', 0),
(95, 38, 'Ctrl + A', 1),
(96, 38, 'Alt + A', 0),
(97, 38, 'Alt + F', 0),
(98, 38, 'Ctrl + F', 0),
(99, 39, 'Mạng cục bộ, mạng diện rộng, mạng toàn cầu', 1),
(100, 39, 'Mạng cục bộ, mạng diện rộng, mạng toàn cục', 0),
(101, 39, 'Mạng cục bộ, mạng toàn cục, mạng toàn cầu', 0),
(102, 39, 'Mạng diện rộng, mạng toàn cầu, mạng toàn cục', 0),
(103, 40, 'Tạo tệp văn bản mới', 0),
(104, 40, 'Chức năng thay thế trong soạn thảo', 1),
(105, 40, 'Định dạng chữ hoa', 0),
(106, 40, 'Lưu tệp văn bản vào đĩa', 0),
(107, 41, 'Chọn đối tượng, rồi chọn File - Copy', 0),
(108, 41, 'Chọn đối tượng, rồi chọn File - Open', 0),
(109, 41, 'Chọn đối tượng, rồi chọn File - Restore', 1),
(110, 41, 'Chọn đối tượng, rồi chọn File - Move To Folder...', 0),
(111, 42, 'Dấu chấm hỏi (?)', 0),
(112, 42, 'Dấu bằng (= )', 1),
(113, 42, 'Dấu hai chấm (: )', 0),
(114, 42, 'Dấu đô la ($)', 0),
(115, 43, 'Table - Cells', 0),
(116, 43, 'Table - Merge Cells', 0),
(117, 43, 'Tools - Split Cells', 0),
(118, 43, 'Table - Split Cells', 1),
(119, 44, 'File - Bullets and Numbering', 0),
(120, 44, 'Tools - Bullets and Numbering', 0),
(121, 44, 'Format - Bullets and Numbering', 1),
(122, 44, 'Edit - Bullets and Numbering', 0),
(123, 45, 'Table - Merge Cells', 1),
(124, 45, 'Tools - Split Cells', 0),
(125, 45, 'Tools - Merge Cells', 0),
(126, 45, 'Table - Split Cells', 0),
(127, 46, 'My Computer hoặc Windows Explorer', 1),
(128, 46, 'My Computer hoặc Recycle Bin', 0),
(129, 46, 'Windows Explorer hoặc Recycle Bin', 0),
(130, 46, 'My Computer hoăc My Network Places', 0),
(131, 47, 'Mạng cục bộ', 1),
(132, 47, 'Mạng diện rộng', 0),
(133, 47, 'Mạng toàn cầu', 0),
(134, 47, 'Một ý nghĩa khác', 0),
(135, 48, 'Xóa tệp văn bản', 0),
(136, 48, 'Chèn kí hiệu đặc biệt', 0),
(137, 48, 'Tạo tệp văn bản mới', 0),
(138, 48, 'Lưu tệp văn bản vào đĩa', 1),
(139, 49, 'Shift_Del', 0),
(140, 49, 'Alt_Del', 0),
(141, 49, 'Ctrl_Del', 0),
(142, 49, 'Cả 3 câu đều sai', 1),
(143, 50, 'Cắt một đoạn văn bản', 0),
(144, 50, 'Dán một đoạn văn bản từ Clipboard', 1),
(145, 50, 'Sao chép một đoạn văn bản', 0),
(146, 50, 'Cắt và sao chép một đoạn văn bản', 0),
(147, 51, '2', 1),
(148, 51, '3', 0),
(149, 51, '4', 0),
(150, 51, '5', 0),
(151, 52, 'View - Exit', 0),
(152, 52, 'Edit - Exit', 0),
(153, 52, 'Window - Exit', 0),
(154, 52, 'File - Exit', 1),
(155, 53, 'Bấm phím Space', 0),
(156, 53, 'Bấm phím Tab', 0),
(157, 53, 'Bấm phím mũi tên di chuyển', 1),
(158, 53, 'Bấm phím Enter', 0),
(159, 54, 'Accessories', 0),
(160, 54, 'Windows Explorer', 1),
(161, 54, 'Microsoft Office', 0),
(162, 54, 'Control Panel', 0),
(163, 55, 'Insert - Header and Footer', 1),
(164, 55, 'Tools - Header and Footer', 0),
(165, 55, 'View - Header and Footer', 0),
(166, 55, 'Format - Header and Foote', 0),
(167, 56, 'Microsoft Equation', 1),
(168, 56, 'Ogranization Art', 0),
(169, 56, 'Ogranization Chart', 0),
(170, 56, 'Word Art', 0),
(171, 57, 'Phần mềm ứng dụng', 0),
(172, 57, 'Phần mềm hệ thống', 1),
(173, 57, 'Phần mềm tiện ích', 0),
(174, 57, 'Tất cả đều đúng', 0),
(175, 58, 'Bấm tổ hợp phím Ctrl - C', 0),
(176, 58, 'Bấm tổ hợp phím Ctrl - C', 0),
(177, 58, 'Cả 2 câu đều đúng', 1),
(178, 58, 'Cả 2 câu đều sai', 0),
(179, 59, 'Tools - Insert Table', 0),
(180, 59, 'Insert - Insert Table', 0),
(181, 59, 'Insert - Insert Table', 0),
(182, 59, 'Table - Insert Table', 1),
(183, 60, 'Trong CPU', 0),
(184, 60, 'Trong RAM', 0),
(185, 60, 'Trên bộ nhớ ngoài', 1),
(186, 60, 'Trong ROM', 0),
(187, 61, 'Format - Drop Cap', 1),
(188, 61, 'Insert - Drop Cap', 0),
(189, 61, 'Edit - Drop Cap', 0),
(190, 61, 'View - Drop Cap', 0),
(191, 62, 'Tạo tệp văn bản mới', 0),
(192, 62, 'Lưu tệp văn bản vào đĩa', 0),
(193, 62, 'Chức năng tìm kiếm trong soạn thảo', 1),
(194, 62, 'Định dạng trang', 0),
(195, 63, 'Cuối năm 1999', 0),
(196, 63, 'Cuối năm 1998', 0),
(197, 63, 'Cuối năm 1997', 1),
(198, 63, 'Cuối năm 1996', 0),
(199, 64, 'File - Page Setup', 1),
(200, 64, 'File - Print', 0),
(201, 64, 'File - Print Preview', 0),
(202, 64, 'File - Properties', 0),
(203, 65, 'CapsLock', 0),
(204, 65, 'Del', 0),
(205, 65, 'Tab', 0),
(206, 65, 'Insert', 1),
(207, 66, 'File - Save', 0),
(208, 66, 'File - Save As', 1),
(209, 66, 'Window - Save', 0),
(210, 66, 'Window - Save As', 0),
(211, 67, 'Shift+Home', 0),
(212, 67, 'Ctrl+Home', 1),
(213, 67, 'Atl+Home', 0),
(214, 67, 'Ctrl+Alt+Home', 0),
(215, 68, 'Là bộ nhớ truy xuất ngẫu nhiên .', 1),
(216, 68, 'Là bộ nhớ chỉ đọc', 0),
(217, 68, 'Làbộ xử lý thông tin', 0),
(218, 68, 'Cả ba câu đều sai', 0),
(219, 69, 'Format - Symbol', 0),
(220, 69, 'Insert - Symbol', 1),
(221, 69, 'View - Symbol', 0),
(222, 69, 'Tools - Symbol', 0),
(223, 70, 'Bấm tổ hợp phím Ctrl - Enter', 0),
(224, 70, 'Bấm phím Enter', 1),
(225, 70, 'Bấm tổ hợp phím Shift - Enter', 0),
(226, 70, 'Word tự động, không cần bấm phím', 0),
(227, 71, 'Tools - Option... Trong thẻ Save, đánh dấu chọn mục Save AutoRecover info every', 1),
(228, 71, 'File - Option... Trong thẻ Save, đánh dấu chọn mục Save AutoRecover info every', 0),
(229, 71, 'Format - Option... Trong thẻ Save, đánh dấu chọn mục Save AutoRecover info every', 0),
(230, 71, 'View - Option... Trong thẻ Save, đánh dấu chọn mục Save AutoRecover info every', 0),
(231, 72, 'ESC', 0),
(232, 72, 'Ctrl', 0),
(233, 72, 'CapsLock', 0),
(234, 72, 'Tab', 1),
(235, 73, 'Insert - Page Numbers', 1),
(236, 73, 'View - Page Numbers', 0),
(237, 73, 'Format - Page Numbers', 0),
(238, 73, 'Tools - Page Numbers', 0),
(239, 74, 'Edit - New, sau đó chọn Folder', 0),
(240, 74, 'Tools - New, sau đó chọn Folder', 0),
(241, 74, 'Windows - New, sau đó chọn Folder', 0),
(242, 74, 'File - New, sau đó chọn Folder', 1),
(257, 32, 'asdas', 1),
(258, 32, 'asdas', 0);

-- --------------------------------------------------------

--
-- Table structure for table `storage_question`
--

DROP TABLE IF EXISTS `storage_question`;
CREATE TABLE IF NOT EXISTS `storage_question` (
  `storage_question_id` int(11) NOT NULL AUTO_INCREMENT,
  `question_name` varchar(255) NOT NULL,
  `type` tinyint(4) NOT NULL DEFAULT '0' COMMENT '0: text, 1: image',
  `updated_time` timestamp NOT NULL DEFAULT CURRENT_TIMESTAMP ON UPDATE CURRENT_TIMESTAMP,
  `storage_id` int(11) DEFAULT NULL,
  `published` tinyint(4) NOT NULL DEFAULT '1',
  PRIMARY KEY (`storage_question_id`),
  UNIQUE KEY `question_name` (`question_name`,`storage_id`),
  KEY `FK_storage_question` (`storage_id`)
) ENGINE=InnoDB  DEFAULT CHARSET=utf8 AUTO_INCREMENT=75 ;

--
-- Dumping data for table `storage_question`
--

INSERT INTO `storage_question` (`storage_question_id`, `question_name`, `type`, `updated_time`, `storage_id`, `published`) VALUES
(21, ' Cho chuỗi sau: Diachi:= \\'' Khu Hoan kiem – Ha noi \\''; Sau khi sử dụng thủ tục DELETE(Diachi,15,9); thì chuỗi này sẽ còn lại là?', 0, '2012-09-25 15:56:49', 5, 1),
(22, ' Xác định giá trị đúng của S: S:= Length(‘’) + Length(‘1’) + Length(‘11’);', 0, '2012-09-25 15:56:49', 5, 1),
(23, 'Cho các biến St chuỗi và k nguyên. Sau khi gán: St:=\\''Sinh vien Tin hoc hoc Tin hoc\\'';k := Pos(\\''Tin\\'', ST);       Giá trị của k là?', 0, '2012-09-25 15:56:49', 5, 1),
(24, 'aaaTrong ngôn ngữ lập trình PASCAL, cú pháp của câu lệnh lặp với số lần lặp biết trước là: For <biến đếm>:=<giá trị đầu> to <giá trị cuối> do <câu lệnh>; Điều khẳng định nào sau đây là sai:', 0, '2012-09-25 15:56:49', 5, 1),
(25, 'Bộ nhớ ngoài là', 0, '2012-10-05 17:23:31', 8, 1),
(26, 'Hiện nay, dung lượng thông thường của đĩa mềm là:', 0, '2012-10-05 17:23:31', 8, 1),
(27, 'Phát biểu nào sau đây là đúng nhất khi nói về câu lệnh dùng bảng chọn:', 0, '2012-10-05 17:23:31', 8, 1),
(28, 'Chọn câu đúng, Hệ điều hành được khởi động', 0, '2012-10-05 17:23:31', 8, 1),
(29, 'việc đầu tiên cần làm là', 0, '2012-10-05 17:23:32', 8, 1),
(30, 'Trong tin học, việc tạo ra một hệ soạn thảo văn bản là việc giải một bài toán', 0, '2012-10-05 17:23:32', 8, 1),
(31, 'Dữ liệu ban đầu đưa vào máy tính để giải một bài toán gọi là Input', 0, '2012-10-05 17:23:32', 8, 1),
(32, '<p>\r\n	Khi m&aacute;y t&iacute;nh giải một b&agrave;i to&aacute;n, mọi th&ocirc;ng tin in ra m&agrave;n h&igrave;nh đều l&agrave; Output</p>\r\n', 0, '2012-11-24 13:39:56', 8, 1),
(33, 'Ta chỉ giải được bài toán với một bộ dữ liệu Input', 0, '2012-10-05 17:23:32', 8, 1),
(34, 'Có thuật toán giải được mọi bài toán', 0, '2012-10-05 17:23:32', 8, 1),
(36, 'Trong soạn thảo Winword, công dụng của tổ hợp phím Ctrl - O là', 0, '2012-11-24 13:36:24', 9, 1),
(37, 'Khi đang soạn thảo văn bản Word, muốn phục hồi thao tác vừa thực hiện thì bấm tổ hợp phím:', 0, '2012-11-24 13:36:24', 9, 1),
(38, 'Trong khi làm việc với Word, tổ hợp phím tắt nào cho phép chọn tất cả văn bản đang soạn thảo:', 0, '2012-11-24 13:36:24', 9, 1),
(39, 'Dưới góc độ địa lí, mạng máy tính được phân biệt thành:', 0, '2012-11-24 13:36:24', 9, 1),
(40, 'Trong soạn thảo Winword, công dụng của tổ hợp phím Ctrl - H là :', 0, '2012-11-24 13:36:24', 9, 1),
(41, 'Khi đang làm việc vơi Windows, muốn khôi phục lại đối tượng đã xóa trong Recycle Bin, ta thực hiện:', 0, '2012-11-24 13:36:25', 9, 1),
(42, 'Trong khi làm việc với Excel, để nhập vào công thức tính toán cho một ô, trước hết ta phải gõ:', 0, '2012-11-24 13:36:25', 9, 1),
(43, 'Trong chế độ tạo bảng (Table) của phần mềm Winword, muốn tách một ô thành nhiều ô, ta thực hiện:', 0, '2012-11-24 13:36:25', 9, 1),
(44, 'Trong soạn thảo Winword, muốn định dạng văn bản theo kiểu danh sách, ta thực hiện:', 0, '2012-11-24 13:36:25', 9, 1),
(45, 'Trong chế độ tạo bảng (Table) của phần mềm Winword, để gộp nhiều ô thành một ô, ta thực hiện : Chọn các ô cần gộp, rồi chọn menu lệnh :', 0, '2012-11-24 13:36:25', 9, 1),
(46, 'Khi đang làm việc với Windows, muốn xem tổ chức các tệp và thư mục trên đĩa, ta có thể sử dụng :', 0, '2012-11-24 13:36:25', 9, 1),
(47, 'Trong mạng máy tính, thuật ngữ LAN có ý nghĩa gì?', 0, '2012-11-24 13:36:26', 9, 1),
(48, 'Trong soạn thảo Winword, công dụng của tổ hợp phím Ctrl - S là:', 0, '2012-11-24 13:36:26', 9, 1),
(49, 'Trong Windows, khi xóa file hoặc folder thì nó được lưu trong Recycle Bin, muốn xóa hẳn file hoặc folder ta bấm tổ', 0, '2012-11-24 13:36:26', 9, 1),
(50, 'Trong khi đang soạn thảo văn bản Word, tổ hợp phím Ctrl + V thường được sử dụng để', 0, '2012-11-24 13:36:26', 9, 1),
(51, 'Trong kết nối mạng máy tính cục bộ. Cáp mạng gồm mấy loại?', 0, '2012-11-24 13:36:26', 9, 1),
(52, 'Khi làm việc với Word xong, muốn thoát khỏi, ta thực hiện', 0, '2012-11-24 13:36:26', 9, 1),
(53, 'Trong soạn thảo văn bản Word, muốn tắt đánh dấu chọn khối văn bản (tô đen), ta thực hiện:', 0, '2012-11-24 13:36:27', 9, 1),
(54, 'Em sử dụng chương trình nào của Windows để quản lí các tệp và thư mục?', 0, '2012-11-24 13:36:27', 9, 1),
(55, 'Trong soạn thảo Word, để chèn tiêu đề trang (đầu trang và chân trang), ta thực hiện:', 0, '2012-11-24 13:36:27', 9, 1),
(56, 'Trong WinWord, để soạn thảo một công thức toán học phức tạp, ta thường dùng công cụ :', 0, '2012-11-24 13:36:27', 9, 1),
(57, 'Hệ điều hành là :', 0, '2012-11-24 13:36:27', 9, 1),
(58, 'Trong Winword, để sao chép một đoạn văn bản vào Clipboard, ta đánh dấu đoạn văn ; sau đó :', 0, '2012-11-24 13:36:27', 9, 1),
(59, 'Trong soạn thảo Winword, để tạo một bảng (Table), ta thực hiện :', 0, '2012-11-24 13:36:28', 9, 1),
(60, 'Các hệ điều hành thông dụng hiện nay thường được lưu trữ :', 0, '2012-11-24 13:36:28', 9, 1),
(61, 'Trong soạn thảo văn bản Word, muốn tạo ký tự to đầu dòng của đoạn văn, ta thực hiện :', 0, '2012-11-24 13:36:28', 9, 1),
(62, 'Trong soạn thảo Winword, công dụng của tổ hợp Ctrl - F là :', 0, '2012-11-24 13:36:28', 9, 1),
(63, 'Internet hiện nay phát triển ngày càng nhanh ; theo bạn, thời điểm Việt Nam chính thức gia nhập Internet là :', 0, '2012-11-24 13:36:28', 9, 1),
(64, 'Trong soạn thảo Winword, muốn định dạng lại trang giấy in, ta thực hiện:', 0, '2012-11-24 13:36:28', 9, 1),
(65, 'Trong soạn thảo Winword, muốn chuyển đổi giữa hai chế độ gõ : chế độ gõ chèn và chế độ gõ đè; ta bấm phím:', 0, '2012-11-24 13:36:28', 9, 1),
(66, 'Trong soạn thảo văn bản Word, muốn lưu hồ sơ với một tên khác, ta thực hiện', 0, '2012-11-24 13:36:29', 9, 1),
(67, 'Trong WinWord, tổ hợp phím nào cho phép ngay lập tức đưa con trỏ về đầu văn bản ?', 0, '2012-11-24 13:36:29', 9, 1),
(68, 'Trong máy tính RAM có nghĩa là gì ?', 0, '2012-11-24 13:36:29', 9, 1),
(69, 'Trong soạn thảo Word, muốn chèn các kí tự đặc biệt vào văn bản, ta thực hiện:', 0, '2012-11-24 13:36:29', 9, 1),
(70, 'Trong khi soạn thảo văn bản, nếu kết thúc 1 đoạn (Paragraph) và muốn sang 1 đoạn mới :', 0, '2012-11-24 13:36:29', 9, 1),
(71, 'Khi soạn thảo văn bản, để khai báo thời gian tự lưu văn bản, ta chọn:', 0, '2012-11-24 13:36:29', 9, 1),
(72, 'Khi soạn thảo văn bản trong Winword, muốn di chuyển từ 1 ô này sang ô kế tiếp về bên phải của một bảng (Table) ta bấm phím:', 0, '2012-11-24 13:36:29', 9, 1),
(73, 'Trong soạn thảo Winword, muốn đánh số trang cho văn bản, ta thực hiện:', 0, '2012-11-24 13:36:30', 9, 1),
(74, 'Trong Windows, muốn tạo một thư mục mới, ta thực hiện :', 0, '2012-11-24 13:36:30', 9, 1);

-- --------------------------------------------------------

--
-- Table structure for table `student_answer`
--

DROP TABLE IF EXISTS `student_answer`;
CREATE TABLE IF NOT EXISTS `student_answer` (
  `answer_student_id` int(11) NOT NULL AUTO_INCREMENT,
  `question_id` int(11) NOT NULL,
  `topic_id` int(11) DEFAULT NULL,
  `student_id` int(11) NOT NULL,
  `answer` int(11) NOT NULL COMMENT 'cau tra loi cua hoc sinh',
  `number_question` int(11) DEFAULT '0',
  PRIMARY KEY (`answer_student_id`),
  KEY `FK_answer_student` (`question_id`),
  KEY `FK_answer_student_info` (`student_id`)
) ENGINE=InnoDB  DEFAULT CHARSET=utf8 AUTO_INCREMENT=36 ;

--
-- Dumping data for table `student_answer`
--

INSERT INTO `student_answer` (`answer_student_id`, `question_id`, `topic_id`, `student_id`, `answer`, `number_question`) VALUES
(1, 45, 2, 36, 2, 1),
(2, 57, 2, 36, 2, 2),
(3, 48, 2, 36, 2, 3),
(4, 56, 2, 36, 2, 4),
(5, 38, 2, 36, 3, 5),
(6, 45, 2, 10, 1, 1),
(7, 57, 2, 10, 3, 2),
(8, 48, 2, 10, 2, 3),
(9, 56, 2, 10, 3, 4),
(10, 38, 2, 10, 4, 5),
(11, 45, 2, 11, 2, 1),
(12, 57, 2, 11, 2, 2),
(13, 48, 2, 11, 2, 3),
(14, 56, 2, 11, 2, 4),
(15, 38, 2, 11, 3, 5),
(16, 48, 1, 33, 1, 1),
(17, 38, 1, 33, 4, 2),
(18, 56, 1, 33, 2, 3),
(19, 45, 1, 33, 1, 4),
(20, 57, 1, 33, 3, 5),
(21, 45, 2, 36, 1, 1),
(22, 57, 2, 36, 4, 2),
(23, 48, 2, 36, 4, 3),
(24, 56, 2, 36, 4, 4),
(25, 38, 2, 36, 4, 5),
(26, 45, 2, 34, 1, 1),
(27, 57, 2, 34, 1, 2),
(28, 48, 2, 34, 1, 3),
(29, 56, 2, 34, 1, 4),
(30, 38, 2, 34, 4, 5),
(31, 45, 2, 35, 2, 1),
(32, 57, 2, 35, 3, 2),
(33, 48, 2, 35, 2, 3),
(34, 56, 2, 35, 4, 4),
(35, 38, 2, 35, 3, 5);

-- --------------------------------------------------------

--
-- Table structure for table `student_info`
--

DROP TABLE IF EXISTS `student_info`;
CREATE TABLE IF NOT EXISTS `student_info` (
  `student_id` int(11) NOT NULL AUTO_INCREMENT,
  `indentity_number` varchar(20) NOT NULL,
  `class_id` int(11) NOT NULL,
  `fullname` varchar(255) NOT NULL,
  `username` varchar(255) NOT NULL,
  `password` varchar(255) DEFAULT NULL,
  `status` enum('ACTIVE','DELETED') DEFAULT 'ACTIVE',
  PRIMARY KEY (`student_id`),
  UNIQUE KEY `NewIndex1` (`indentity_number`,`class_id`,`username`),
  KEY `FK_student_info` (`class_id`),
  KEY `FK_student_info_topic` (`password`)
) ENGINE=InnoDB  DEFAULT CHARSET=utf8 AUTO_INCREMENT=218 ;

--
-- Dumping data for table `student_info`
--

INSERT INTO `student_info` (`student_id`, `indentity_number`, `class_id`, `fullname`, `username`, `password`, `status`) VALUES
(10, '1111029', 1, 'Nguyen Manh Luan', '1111029', '7c4a8d09ca3762af61e59520943dc26494f8941b', 'ACTIVE'),
(11, '1111040', 3, 'Trang Ngọc Mỹ Phước', '1111040', '7c4a8d09ca3762af61e59520943dc26494f8941b', 'ACTIVE'),
(33, '1', 3, 'Nguyễn Văn A', '10A1_1', '5e85deb60767c1a168a46b0c0201cf89cf0f7e0c', 'ACTIVE'),
(34, '2', 3, 'Trần Thị B', '10A1_2', '9cd1e421ff526e7821a2464667c610762600a648', 'ACTIVE'),
(35, '3', 3, 'Trần Thị C', '10A1_3', 'd23683fc940951fc92e226e4681801fc27dea59c', 'ACTIVE'),
(36, '4', 3, 'Trần Thị D', '10A1_4', '75f3d9602054bf53b66f948974a91a205e925c90', 'ACTIVE'),
(37, '5', 3, 'Trần Thị E', '10A1_5', '5f388a41bc2f3542d9e8f8c83d56c9a439db4f51', 'ACTIVE'),
(158, '1', 1, 'Nguyễn Văn 23', '10A1_1', '5e85deb60767c1a168a46b0c0201cf89cf0f7e0c', 'ACTIVE'),
(159, '2', 1, 'Nguyễn Văn 24', '10A1_2', '9cd1e421ff526e7821a2464667c610762600a648', 'ACTIVE'),
(160, '3', 1, 'Nguyễn Văn 25', '10A1_3', 'd23683fc940951fc92e226e4681801fc27dea59c', 'ACTIVE'),
(161, '4', 1, 'Nguyễn Văn 26', '10A1_4', '75f3d9602054bf53b66f948974a91a205e925c90', 'ACTIVE'),
(162, '5', 1, 'Nguyễn Văn 27', '10A1_5', '5f388a41bc2f3542d9e8f8c83d56c9a439db4f51', 'ACTIVE'),
(163, '6', 1, 'Nguyễn Văn 28', '10A1_6', 'f61447f5086ead665d4c1a3f93d82cf75aa808d8', 'ACTIVE'),
(164, '7', 1, 'Nguyễn Văn 29', '10A1_7', 'ccdab55d1a81fa2e6b8ae62a5f6f8286fde96b05', 'ACTIVE'),
(165, '8', 1, 'Nguyễn Văn 210', '10A1_8', '1d275e8e631860085f0eebab981d866bc2c561e0', 'ACTIVE'),
(166, '9', 1, 'Nguyễn Văn 211', '10A1_9', '219d201f294a86bbcf0c72dd3b79d6127d463af1', 'ACTIVE'),
(167, '10', 1, 'Nguyễn Văn 212', '10A1_10', 'fac8ddd1b59c0210137f95f9e3352138c540b8b4', 'ACTIVE'),
(168, '11', 1, 'Nguyễn Văn 213', '10A1_11', '794094ce23bcdcd27aad8716b1c763eb610520d9', 'ACTIVE'),
(169, '12', 1, 'Nguyễn Văn 214', '10A1_12', '90e4c21ecb191ca36f93dd630eea8a763e39bd06', 'ACTIVE'),
(170, '13', 1, 'Nguyễn Văn 215', '10A1_13', '392a747a16725ac71c7af6dc863b2ed1c35fef11', 'ACTIVE'),
(171, '14', 1, 'Nguyễn Văn 216', '10A1_14', '3881b30d10e799492137a80413a37e4caf06156f', 'ACTIVE'),
(172, '15', 1, 'Nguyễn Văn 217', '10A1_15', '0620f11f47033c4780af454d46aeff9ceec3ac17', 'ACTIVE'),
(173, '16', 1, 'Nguyễn Văn 218', '10A1_16', '4e2e5e8a0d6a6b2e9b3831f51bf651f64bdb3db5', 'ACTIVE'),
(174, '17', 1, 'Nguyễn Văn 219', '10A1_17', '4685c779749f954656001f4cebadaa47029a2390', 'ACTIVE'),
(175, '18', 1, 'Nguyễn Văn 220', '10A1_18', '5824d2472b52184a99dfe5aabe178e1df9da5973', 'ACTIVE'),
(176, '19', 1, 'Nguyễn Văn 221', '10A1_19', '07b5f8d4e0f4b39f2e89922adeb363ea5935b711', 'ACTIVE'),
(177, '20', 1, 'Nguyễn Văn 222', '10A1_20', '81e76438be2744eee58d892637bd07ceaa3bf8c7', 'ACTIVE'),
(178, '21', 1, 'Nguyễn Văn 223', '10A1_21', '8c0d0af8d35c8ef464519e37c547ecfc4a609ce3', 'ACTIVE'),
(179, '22', 1, 'Nguyễn Văn 224', '10A1_22', '5b3978262c1ad4a7535bf146389492afa37bf05c', 'ACTIVE'),
(180, '23', 1, 'Nguyễn Văn 225', '10A1_23', '6b2d7e211532ddb63c771b4e5e8958dfb1d1a73b', 'ACTIVE'),
(181, '24', 1, 'Nguyễn Văn 226', '10A1_24', '43155a205ab740f2a3516522b11cac74cfad53ab', 'ACTIVE'),
(182, '25', 1, 'Nguyễn Văn 227', '10A1_25', '2483bc690f72f9f1e4db1c3361b5f06eb12fd086', 'ACTIVE'),
(183, '26', 1, 'Nguyễn Văn 228', '10A1_26', 'ce1e101a28aa7ca63f85c0c3fa51b87ab84fa8bc', 'ACTIVE'),
(184, '27', 1, 'Nguyễn Văn 229', '10A1_27', '8e64e77c451cfeb2e7f9e55b5965a54bffd2b8bc', 'ACTIVE'),
(185, '28', 1, 'Nguyễn Văn 230', '10A1_28', 'dc9e1e6a5f55c7867b441dc4de6215e59e891cc8', 'ACTIVE'),
(186, '29', 1, 'Nguyễn Văn 231', '10A1_29', '3fe5aa97a5fb221af56191d46cb5ac57a3980a48', 'ACTIVE'),
(187, '30', 1, 'Nguyễn Văn 232', '10A1_30', '0005376fe3691ce4f5a982eff1bcf8fa7bf40ef0', 'ACTIVE'),
(188, '31', 1, 'Nguyễn Văn 233', '10A1_31', '258ca10930537699ef74c0dc851b21a23ddb4575', 'ACTIVE'),
(189, '32', 1, 'Nguyễn Văn 234', '10A1_32', 'd52442154659ed575cebb67c32b56c35f06b1bf7', 'ACTIVE'),
(190, '33', 1, 'Nguyễn Văn 235', '10A1_33', 'a0431b1394dc7004600c157d01dbd9f325485ffd', 'ACTIVE'),
(191, '34', 1, 'Nguyễn Văn 236', '10A1_34', 'c5cc059fef2101051212b5c9cc921796f8f406e1', 'ACTIVE'),
(192, '35', 1, 'Nguyễn Văn 237', '10A1_35', 'd95617efb2b20636b5fc285f7a29bd6ba898c7d0', 'ACTIVE'),
(193, '36', 1, 'Nguyễn Văn 238', '10A1_36', '8300a3599c47ba01ee30180d7788a3630d70e1b9', 'ACTIVE'),
(194, '37', 1, 'Nguyễn Văn 239', '10A1_37', '859f953b064009c7f421e717bf9615ff771d40d2', 'ACTIVE'),
(195, '38', 1, 'Nguyễn Văn 240', '10A1_38', 'fb815cd80ee43d4e7b65f70bacc640117d5a9913', 'ACTIVE'),
(196, '39', 1, 'Nguyễn Văn 241', '10A1_39', 'd2276217afc1ed39c2699f3033e85a24cc9e70af', 'ACTIVE'),
(197, '40', 1, 'Nguyễn Văn 242', '10A1_40', '9a9774a827972e28984728b4764cca482ab8fb26', 'ACTIVE'),
(198, '41', 1, 'Nguyễn Văn 243', '10A1_41', '3e112bef4e3890585d0c76a840e3f622033a53b3', 'ACTIVE'),
(199, '42', 1, 'Nguyễn Văn 244', '10A1_42', '70c42d1ae38fc413bc63e79c5545897f257f70a0', 'ACTIVE'),
(200, '43', 1, 'Nguyễn Văn 245', '10A1_43', 'a6c6da70d66ee0f66c9cfd6e8e2347d5dcfcb518', 'ACTIVE'),
(201, '44', 1, 'Nguyễn Văn 246', '10A1_44', '31f88405c5eb95f8b4636e30c11b06b43827d23d', 'ACTIVE'),
(202, '45', 1, 'Nguyễn Văn 247', '10A1_45', '9f205667ab16cec4ed51bc891ea756e8bae9aa8c', 'ACTIVE'),
(203, '46', 1, 'Nguyễn Văn 248', '10A1_46', '84a32095d2c0b0af31ed6d1442f6114bd4b2f1cc', 'ACTIVE'),
(204, '47', 1, 'Nguyễn Văn 249', '10A1_47', '8929dc717901f9f90a5d5b712eabe3baa0192179', 'ACTIVE'),
(205, '48', 1, 'Nguyễn Văn 250', '10A1_48', '3b350643d6e63eebf39cc85634bd0a36b35747c7', 'ACTIVE'),
(206, '49', 1, 'Nguyễn Văn 251', '10A1_49', 'f0a5d3cc32e811bd2c4cb6599601d8fc0cc8b4c9', 'ACTIVE'),
(207, '50', 1, 'Nguyễn Văn 252', '10A1_50', '540c2ccd00ad50ff06004a530b0c413681359f6a', 'ACTIVE'),
(208, '51', 1, 'Nguyễn Văn 253', '10A1_51', 'a6e37bdb1f65068755dd9a70c1f5c762b62c1f3d', 'ACTIVE'),
(209, '52', 1, 'Nguyễn Văn 254', '10A1_52', '955b940aa81595f06a7ce54373c406060b180e0a', 'ACTIVE'),
(210, '53', 1, 'Nguyễn Văn 255', '10A1_53', '555fe71115927be1f9a615ab3d31f97e87bd95a3', 'ACTIVE'),
(211, '54', 1, 'Nguyễn Văn 256', '10A1_54', '766ee698fba5f63de03527b5431454eda9b17fea', 'ACTIVE'),
(212, '55', 1, 'Nguyễn Văn 257', '10A1_55', '2ca044a405d3757532023b28e3ddc234eb7d59da', 'ACTIVE'),
(213, '56', 1, 'Nguyễn Văn 258', '10A1_56', '2127c7b0e6aa9b79925b3fb225bb7be72923b027', 'ACTIVE'),
(214, '57', 1, 'Nguyễn Văn 259', '10A1_57', '3f3a07954379a77b0dac37ee884f963d9ee7f7f2', 'ACTIVE'),
(215, '58', 1, 'Nguyễn Văn 260', '10A1_58', '8b96b2edaaf2b6539a42119959c4d53f8be8a946', 'ACTIVE'),
(216, '59', 1, 'Nguyễn Văn 261', '10A1_59', '4cadb839864c7fa433aa5b14888df4c77b96311e', 'ACTIVE'),
(217, '60', 1, 'Nguyễn Văn 262', '10A1_60', '34abeeec445c4a43fedb7c7bf8360b07368985b7', 'ACTIVE');

-- --------------------------------------------------------

--
-- Table structure for table `student_mark`
--

DROP TABLE IF EXISTS `student_mark`;
CREATE TABLE IF NOT EXISTS `student_mark` (
  `id` int(11) NOT NULL AUTO_INCREMENT,
  `student_id` int(11) DEFAULT NULL,
  `topic_id` int(11) DEFAULT NULL,
  `score` double DEFAULT NULL,
  `number_correct` int(11) DEFAULT NULL,
  `is_mark` tinyint(4) DEFAULT '0',
  PRIMARY KEY (`id`),
  UNIQUE KEY `Unique_student_topic` (`student_id`,`topic_id`),
  KEY `FK_student_mark` (`student_id`),
  KEY `FK_student_mark_topic_id` (`topic_id`)
) ENGINE=InnoDB  DEFAULT CHARSET=utf8 AUTO_INCREMENT=8 ;

--
-- Dumping data for table `student_mark`
--

INSERT INTO `student_mark` (`id`, `student_id`, `topic_id`, `score`, `number_correct`, `is_mark`) VALUES
(1, 36, 2, 10, 5, 1),
(2, 10, 2, 2, 1, 1),
(3, 11, 2, 10, 5, 1),
(4, 33, 1, 2, 1, 1),
(6, 34, 2, 0, 0, 1),
(7, 35, 2, 6, 3, 0);

-- --------------------------------------------------------

--
-- Table structure for table `subjects`
--

DROP TABLE IF EXISTS `subjects`;
CREATE TABLE IF NOT EXISTS `subjects` (
  `subjects_id` int(11) NOT NULL AUTO_INCREMENT,
  `subjects_name` varchar(255) NOT NULL,
  PRIMARY KEY (`subjects_id`)
) ENGINE=InnoDB  DEFAULT CHARSET=utf8 AUTO_INCREMENT=4 ;

--
-- Dumping data for table `subjects`
--

INSERT INTO `subjects` (`subjects_id`, `subjects_name`) VALUES
(1, 'Công nghệ thông tin'),
(2, 'Toán'),
(3, 'test');

-- --------------------------------------------------------

--
-- Table structure for table `topic`
--

DROP TABLE IF EXISTS `topic`;
CREATE TABLE IF NOT EXISTS `topic` (
  `topic_id` int(11) NOT NULL AUTO_INCREMENT,
  `code` int(11) NOT NULL,
  `topic_manage_id` int(11) DEFAULT NULL,
  PRIMARY KEY (`topic_id`),
  KEY `FK_topic_topic_manage` (`topic_manage_id`)
) ENGINE=InnoDB  DEFAULT CHARSET=utf8 AUTO_INCREMENT=13 ;

--
-- Dumping data for table `topic`
--

INSERT INTO `topic` (`topic_id`, `code`, `topic_manage_id`) VALUES
(1, 1, 1),
(2, 2, 1),
(3, 1, 2),
(4, 2, 2),
(5, 3, 2),
(6, 4, 2),
(7, 5, 2),
(8, 6, 2),
(9, 7, 2),
(10, 8, 2),
(11, 9, 2),
(12, 10, 2);

-- --------------------------------------------------------

--
-- Table structure for table `topic_book`
--

DROP TABLE IF EXISTS `topic_book`;
CREATE TABLE IF NOT EXISTS `topic_book` (
  `book_id` int(11) NOT NULL AUTO_INCREMENT,
  `topic_manage_id` int(11) DEFAULT NULL,
  PRIMARY KEY (`book_id`)
) ENGINE=InnoDB DEFAULT CHARSET=utf8 AUTO_INCREMENT=1 ;

-- --------------------------------------------------------

--
-- Table structure for table `topic_manage`
--

DROP TABLE IF EXISTS `topic_manage`;
CREATE TABLE IF NOT EXISTS `topic_manage` (
  `topic_manage_id` int(11) NOT NULL AUTO_INCREMENT,
  `title` varchar(255) DEFAULT NULL,
  `exam_id` int(11) NOT NULL,
  `academic_id` int(11) NOT NULL,
  `created_time` date NOT NULL,
  `published` tinyint(4) NOT NULL DEFAULT '0',
  `number_questions` int(11) DEFAULT NULL,
  PRIMARY KEY (`topic_manage_id`),
  KEY `FK_topic_manage` (`exam_id`),
  KEY `FK_topic_manage_academic` (`academic_id`),
  KEY `published` (`published`)
) ENGINE=InnoDB  DEFAULT CHARSET=utf8 AUTO_INCREMENT=3 ;

--
-- Dumping data for table `topic_manage`
--

INSERT INTO `topic_manage` (`topic_manage_id`, `title`, `exam_id`, `academic_id`, `created_time`, `published`, `number_questions`) VALUES
(1, '15 phut 04012013', 3, 1, '2014-01-04', 1, 5),
(2, 'test', 4, 1, '2014-01-07', 0, 30);

-- --------------------------------------------------------

--
-- Table structure for table `users`
--

DROP TABLE IF EXISTS `users`;
CREATE TABLE IF NOT EXISTS `users` (
  `username` varchar(100) NOT NULL,
  `password` varchar(100) DEFAULT NULL,
  `email` varchar(100) DEFAULT NULL,
  `subjects_id` int(11) DEFAULT NULL,
  `published` tinyint(4) NOT NULL DEFAULT '1',
  `role` int(11) DEFAULT NULL,
  PRIMARY KEY (`username`),
  KEY `FK_users` (`subjects_id`)
) ENGINE=InnoDB DEFAULT CHARSET=utf8;

--
-- Dumping data for table `users`
--

INSERT INTO `users` (`username`, `password`, `email`, `subjects_id`, `published`, `role`) VALUES
('admin', 'e10adc3949ba59abbe56e057f20f883e', 'nhatlang19@gmail.com', NULL, 1, 1),
('test01', 'e10adc3949ba59abbe56e057f20f883e', 'test01@yahoo.com', 1, 1, 10),
('test02', 'e10adc3949ba59abbe56e057f20f883e', 'test02@yahoo.com', 2, 1, 10);

-- --------------------------------------------------------

--
-- Table structure for table `user_manage_class`
--

DROP TABLE IF EXISTS `user_manage_class`;
CREATE TABLE IF NOT EXISTS `user_manage_class` (
  `id` int(11) NOT NULL AUTO_INCREMENT,
  `class_id` int(11) DEFAULT NULL,
  `username` varchar(100) DEFAULT NULL,
  PRIMARY KEY (`id`),
  KEY `FK_user_manage_class` (`class_id`),
  KEY `FK_user_manage_class_username` (`username`)
) ENGINE=InnoDB DEFAULT CHARSET=utf8 AUTO_INCREMENT=1 ;

--
-- Constraints for dumped tables
--

--
-- Constraints for table `answer`
--
ALTER TABLE `answer`
  ADD CONSTRAINT `FK_answer` FOREIGN KEY (`storage_answer_id`) REFERENCES `storage_answer` (`storage_answer_id`) ON DELETE CASCADE ON UPDATE CASCADE,
  ADD CONSTRAINT `FK_answer_sqid_sqid` FOREIGN KEY (`storage_question_id`, `topic_id`) REFERENCES `question` (`storage_question_id`, `topic_id`) ON DELETE CASCADE;

--
-- Constraints for table `class`
--
ALTER TABLE `class`
  ADD CONSTRAINT `FK_class` FOREIGN KEY (`block_id`) REFERENCES `block` (`block_id`) ON DELETE CASCADE ON UPDATE CASCADE;

--
-- Constraints for table `question`
--
ALTER TABLE `question`
  ADD CONSTRAINT `FK_question_sqid` FOREIGN KEY (`storage_question_id`) REFERENCES `storage_question` (`storage_question_id`) ON DELETE NO ACTION,
  ADD CONSTRAINT `FK_question_topic` FOREIGN KEY (`topic_id`) REFERENCES `topic` (`topic_id`) ON DELETE CASCADE;

--
-- Constraints for table `storage`
--
ALTER TABLE `storage`
  ADD CONSTRAINT `FK_storage` FOREIGN KEY (`subjects_id`) REFERENCES `subjects` (`subjects_id`) ON DELETE SET NULL ON UPDATE SET NULL;

--
-- Constraints for table `storage_answer`
--
ALTER TABLE `storage_answer`
  ADD CONSTRAINT `FK_storage_answer` FOREIGN KEY (`storage_question_id`) REFERENCES `storage_question` (`storage_question_id`) ON DELETE CASCADE ON UPDATE CASCADE;

--
-- Constraints for table `storage_question`
--
ALTER TABLE `storage_question`
  ADD CONSTRAINT `FK_storage_question` FOREIGN KEY (`storage_id`) REFERENCES `storage` (`storage_id`) ON DELETE CASCADE ON UPDATE CASCADE;

--
-- Constraints for table `student_answer`
--
ALTER TABLE `student_answer`
  ADD CONSTRAINT `FK_answer_student_info` FOREIGN KEY (`student_id`) REFERENCES `student_info` (`student_id`);

--
-- Constraints for table `student_info`
--
ALTER TABLE `student_info`
  ADD CONSTRAINT `FK_student_info` FOREIGN KEY (`class_id`) REFERENCES `class` (`class_id`) ON DELETE CASCADE ON UPDATE CASCADE;

--
-- Constraints for table `student_mark`
--
ALTER TABLE `student_mark`
  ADD CONSTRAINT `FK_student_mark` FOREIGN KEY (`student_id`) REFERENCES `student_info` (`student_id`) ON DELETE CASCADE,
  ADD CONSTRAINT `FK_student_mark_topic_id` FOREIGN KEY (`topic_id`) REFERENCES `topic` (`topic_id`) ON DELETE CASCADE;

--
-- Constraints for table `topic`
--
ALTER TABLE `topic`
  ADD CONSTRAINT `FK_topic_topic_manage` FOREIGN KEY (`topic_manage_id`) REFERENCES `topic_manage` (`topic_manage_id`) ON DELETE CASCADE;

--
-- Constraints for table `topic_manage`
--
ALTER TABLE `topic_manage`
  ADD CONSTRAINT `FK_topic_manage` FOREIGN KEY (`exam_id`) REFERENCES `exam` (`exam_id`) ON DELETE CASCADE,
  ADD CONSTRAINT `FK_topic_manage_academic` FOREIGN KEY (`academic_id`) REFERENCES `academic_year` (`academic_id`) ON DELETE CASCADE;

--
-- Constraints for table `users`
--
ALTER TABLE `users`
  ADD CONSTRAINT `FK_users` FOREIGN KEY (`subjects_id`) REFERENCES `subjects` (`subjects_id`) ON DELETE SET NULL ON UPDATE NO ACTION;

--
-- Constraints for table `user_manage_class`
--
ALTER TABLE `user_manage_class`
  ADD CONSTRAINT `FK_user_manage_class` FOREIGN KEY (`class_id`) REFERENCES `class` (`class_id`),
  ADD CONSTRAINT `FK_user_manage_class_username` FOREIGN KEY (`username`) REFERENCES `users` (`username`);

/*!40101 SET CHARACTER_SET_CLIENT=@OLD_CHARACTER_SET_CLIENT */;
/*!40101 SET CHARACTER_SET_RESULTS=@OLD_CHARACTER_SET_RESULTS */;
/*!40101 SET COLLATION_CONNECTION=@OLD_COLLATION_CONNECTION */;
